45	1	test	class1_trainBatch1	11	class1_test	13	NaN	NaN	NaN	0.0	0.0
45	1	train	class1_trainBatch1	11	class1_test	13	NaN	NaN	NaN	0.0	0.0
45	2	test	class1_trainBatch1	11	class1_test	13	NaN	NaN	NaN	0.0	0.0
45	2	train	class1_trainBatch1	11	class1_test	13	100.0	100.0	100.0	9.090909090909092	9.090909090909092
45	3	test	class1_trainBatch1	11	class1_test	13	72.39582824707031	73.80952453613281	73.05555725097656	46.15384615384615	7.6923076923076925
45	3	train	class1_trainBatch1	11	class1_test	13	86.24999237060547	86.24999237060547	86.24999237060547	72.72727272727273	36.36363636363637
45	1	test	class1_trainBatch2	22	class1_test	13	NaN	NaN	NaN	0.0	0.0
45	1	train	class1_trainBatch2	22	class1_test	13	NaN	NaN	NaN	0.0	0.0
45	2	test	class1_trainBatch2	22	class1_test	13	81.96428680419922	74.19642639160156	77.8214340209961	30.76923076923077	0.0
45	2	train	class1_trainBatch2	22	class1_test	13	88.37301635742188	84.92062377929688	86.53174591064453	40.909090909090914	18.181818181818183
45	3	test	class1_trainBatch2	22	class1_test	13	82.22222137451172	79.00794219970703	80.50794982910156	69.23076923076923	15.384615384615385
45	3	train	class1_trainBatch2	22	class1_test	13	87.14286804199219	84.64286041259766	85.80953216552734	81.81818181818183	27.27272727272727
45	1	test	class1_trainBatch3	33	class1_test	13	67.5	67.5	67.5	23.076923076923077	0.0
45	1	train	class1_trainBatch3	33	class1_test	13	78.33332824707031	78.33332824707031	78.33332824707031	9.090909090909092	3.0303030303030303
45	2	test	class1_trainBatch3	33	class1_test	13	81.11112213134766	77.42063903808594	79.14286804199219	69.23076923076923	7.6923076923076925
45	2	train	class1_trainBatch3	33	class1_test	13	79.36335754394531	76.56832122802734	77.8726806640625	69.6969696969697	6.0606060606060606
45	3	test	class1_trainBatch3	33	class1_test	13	85.00000762939453	80.96154022216797	82.84616088867188	100.0	30.76923076923077
45	3	train	class1_trainBatch3	33	class1_test	13	89.57792663574219	87.04546356201172	88.2272720336914	100.0	54.54545454545454
45	1	test	class1_trainBatch4	44	class1_test	13	83.33332824707031	83.33332824707031	83.33332824707031	23.076923076923077	7.6923076923076925
45	1	train	class1_trainBatch4	44	class1_test	13	88.21428680419922	88.21428680419922	88.21428680419922	15.909090909090908	9.090909090909092
45	2	test	class1_trainBatch4	44	class1_test	13	83.69047546386719	81.30952453613281	82.42063903808594	69.23076923076923	23.076923076923077
45	2	train	class1_trainBatch4	44	class1_test	13	87.71644592285156	85.63851928710938	86.60821533203125	75.0	31.818181818181817
45	3	test	class1_trainBatch4	44	class1_test	13	89.69780731201172	87.30770111083984	88.42308807373047	100.0	53.84615384615385
45	3	train	class1_trainBatch4	44	class1_test	13	92.95454406738281	91.76136016845703	92.31817626953125	100.0	70.45454545454545
45	1	test	class1_trainBatch5	55	class1_test	13	100.0	100.0	100.0	38.46153846153847	38.46153846153847
45	1	train	class1_trainBatch5	55	class1_test	13	96.63461303710938	96.63461303710938	96.63461303710938	47.27272727272727	38.18181818181819
45	2	test	class1_trainBatch5	55	class1_test	13	100.0	100.0	100.0	69.23076923076923	69.23076923076923
45	2	train	class1_trainBatch5	55	class1_test	13	100.0	100.0	100.0	85.45454545454545	85.45454545454545
45	3	test	class1_trainBatch5	55	class1_test	13	100.0	100.0	100.0	100.0	100.0
45	3	train	class1_trainBatch5	55	class1_test	13	100.0	100.0	100.0	100.0	100.0
45	1	test	class1_trainBatch6	66	class1_test	13	100.0	100.0	100.0	46.15384615384615	46.15384615384615
45	1	train	class1_trainBatch6	66	class1_test	13	96.85897827148438	96.85897827148438	96.85897827148438	59.09090909090909	48.484848484848484
45	2	test	class1_trainBatch6	66	class1_test	13	100.0	100.0	100.0	100.0	100.0
45	2	train	class1_trainBatch6	66	class1_test	13	100.0	100.0	100.0	100.0	100.0
45	3	test	class1_trainBatch6	66	class1_test	13	100.0	100.0	100.0	100.0	100.0
45	3	train	class1_trainBatch6	66	class1_test	13	100.0	100.0	100.0	100.0	100.0
45	1	test	class1_trainBatch7	77	class1_test	13	98.24999237060547	98.24999237060547	98.24999237060547	76.92307692307693	69.23076923076923
45	1	train	class1_trainBatch7	77	class1_test	13	97.33051300048828	97.33051300048828	97.33051300048828	76.62337662337663	64.93506493506493
45	2	test	class1_trainBatch7	77	class1_test	13	100.0	100.0	100.0	100.0	100.0
45	2	train	class1_trainBatch7	77	class1_test	13	100.0	100.0	100.0	100.0	100.0
45	3	test	class1_trainBatch7	77	class1_test	13	100.0	100.0	100.0	100.0	100.0
45	3	train	class1_trainBatch7	77	class1_test	13	100.0	100.0	100.0	100.0	100.0
45	1	test	class1_trainBatch8	88	class1_test	13	97.30768585205078	97.30768585205078	97.30768585205078	100.0	84.61538461538461
45	1	train	class1_trainBatch8	88	class1_test	13	97.6136245727539	97.6136245727539	97.6136245727539	100.0	86.36363636363636
45	2	test	class1_trainBatch8	88	class1_test	13	100.0	100.0	100.0	100.0	100.0
45	2	train	class1_trainBatch8	88	class1_test	13	100.0	100.0	100.0	100.0	100.0
45	3	test	class1_trainBatch8	88	class1_test	13	100.0	100.0	100.0	100.0	100.0
45	3	train	class1_trainBatch8	88	class1_test	13	100.0	100.0	100.0	100.0	100.0
45	1	test	class1_trainBatch9	99	class1_test	13	100.0	100.0	100.0	100.0	100.0
45	1	train	class1_trainBatch9	99	class1_test	13	100.0	100.0	100.0	100.0	100.0
45	2	test	class1_trainBatch9	99	class1_test	13	100.0	100.0	100.0	100.0	100.0
45	2	train	class1_trainBatch9	99	class1_test	13	100.0	100.0	100.0	100.0	100.0
45	3	test	class1_trainBatch9	99	class1_test	13	100.0	100.0	100.0	100.0	100.0
45	3	train	class1_trainBatch9	99	class1_test	13	100.0	100.0	100.0	100.0	100.0
46	1	test	class1_trainBatch1	11	class1_test	13	100.0	100.0	100.0	7.6923076923076925	7.6923076923076925
46	1	train	class1_trainBatch1	11	class1_test	13	100.0	100.0	100.0	18.181818181818183	18.181818181818183
46	2	test	class1_trainBatch1	11	class1_test	13	89.16666412353516	89.16666412353516	89.16666412353516	23.076923076923077	15.384615384615385
46	2	train	class1_trainBatch1	11	class1_test	13	97.5	97.5	97.5	63.63636363636363	54.54545454545454
46	3	test	class1_trainBatch1	11	class1_test	13	83.75	83.75	83.75	30.76923076923077	15.384615384615385
46	3	train	class1_trainBatch1	11	class1_test	13	98.24999237060547	98.24999237060547	98.24999237060547	90.9090909090909	81.81818181818183
46	1	test	class1_trainBatch2	22	class1_test	13	90.76923370361328	88.21428680419922	89.40660095214844	100.0	53.84615384615385
46	1	train	class1_trainBatch2	22	class1_test	13	94.09091186523438	91.70454406738281	92.81816864013672	100.0	68.18181818181817
46	2	test	class1_trainBatch2	22	class1_test	13	94.01099395751953	90.71428680419922	92.25275421142578	100.0	61.53846153846154
46	2	train	class1_trainBatch2	22	class1_test	13	97.66234588623047	96.25	96.90908813476562	100.0	86.36363636363636
46	3	test	class1_trainBatch2	22	class1_test	13	96.4835205078125	95.00000762939453	95.69231414794922	100.0	84.61538461538461
46	3	train	class1_trainBatch2	22	class1_test	13	98.70130157470703	97.7272720336914	98.18182373046875	100.0	90.9090909090909
46	1	test	class1_trainBatch3	33	class1_test	13	95.00000762939453	95.00000762939453	95.00000762939453	100.0	84.61538461538461
46	1	train	class1_trainBatch3	33	class1_test	13	97.95454406738281	97.95454406738281	97.95454406738281	100.0	90.9090909090909
46	2	test	class1_trainBatch3	33	class1_test	13	100.0	100.0	100.0	100.0	100.0
46	2	train	class1_trainBatch3	33	class1_test	13	100.0	100.0	100.0	100.0	100.0
46	3	test	class1_trainBatch3	33	class1_test	13	100.0	100.0	100.0	100.0	100.0
46	3	train	class1_trainBatch3	33	class1_test	13	100.0	100.0	100.0	100.0	100.0
46	1	test	class1_trainBatch4	44	class1_test	13	95.00000762939453	95.00000762939453	95.00000762939453	100.0	84.61538461538461
46	1	train	class1_trainBatch4	44	class1_test	13	98.06818389892578	98.06818389892578	98.06818389892578	100.0	90.9090909090909
46	2	test	class1_trainBatch4	44	class1_test	13	100.0	100.0	100.0	100.0	100.0
46	2	train	class1_trainBatch4	44	class1_test	13	100.0	100.0	100.0	100.0	100.0
46	3	test	class1_trainBatch4	44	class1_test	13	100.0	100.0	100.0	100.0	100.0
46	3	train	class1_trainBatch4	44	class1_test	13	100.0	100.0	100.0	100.0	100.0
46	1	test	class1_trainBatch5	55	class1_test	13	100.0	100.0	100.0	100.0	100.0
46	1	train	class1_trainBatch5	55	class1_test	13	100.0	100.0	100.0	100.0	100.0
46	2	test	class1_trainBatch5	55	class1_test	13	100.0	100.0	100.0	100.0	100.0
46	2	train	class1_trainBatch5	55	class1_test	13	100.0	100.0	100.0	100.0	100.0
46	3	test	class1_trainBatch5	55	class1_test	13	100.0	100.0	100.0	100.0	100.0
46	3	train	class1_trainBatch5	55	class1_test	13	100.0	100.0	100.0	100.0	100.0
46	1	test	class1_trainBatch6	66	class1_test	13	100.0	100.0	100.0	100.0	100.0
46	1	train	class1_trainBatch6	66	class1_test	13	100.0	100.0	100.0	100.0	100.0
46	2	test	class1_trainBatch6	66	class1_test	13	100.0	100.0	100.0	100.0	100.0
46	2	train	class1_trainBatch6	66	class1_test	13	100.0	100.0	100.0	100.0	100.0
46	3	test	class1_trainBatch6	66	class1_test	13	100.0	100.0	100.0	100.0	100.0
46	3	train	class1_trainBatch6	66	class1_test	13	100.0	100.0	100.0	100.0	100.0
46	1	test	class1_trainBatch7	77	class1_test	13	100.0	100.0	100.0	100.0	100.0
46	1	train	class1_trainBatch7	77	class1_test	13	100.0	100.0	100.0	100.0	100.0
46	2	test	class1_trainBatch7	77	class1_test	13	100.0	100.0	100.0	100.0	100.0
46	2	train	class1_trainBatch7	77	class1_test	13	100.0	100.0	100.0	100.0	100.0
46	3	test	class1_trainBatch7	77	class1_test	13	100.0	100.0	100.0	100.0	100.0
46	3	train	class1_trainBatch7	77	class1_test	13	100.0	100.0	100.0	100.0	100.0
46	1	test	class1_trainBatch8	88	class1_test	13	100.0	100.0	100.0	100.0	100.0
46	1	train	class1_trainBatch8	88	class1_test	13	100.0	100.0	100.0	100.0	100.0
46	2	test	class1_trainBatch8	88	class1_test	13	100.0	100.0	100.0	100.0	100.0
46	2	train	class1_trainBatch8	88	class1_test	13	100.0	100.0	100.0	100.0	100.0
46	3	test	class1_trainBatch8	88	class1_test	13	100.0	100.0	100.0	100.0	100.0
46	3	train	class1_trainBatch8	88	class1_test	13	100.0	100.0	100.0	100.0	100.0
46	1	test	class1_trainBatch9	99	class1_test	13	100.0	100.0	100.0	100.0	100.0
46	1	train	class1_trainBatch9	99	class1_test	13	100.0	100.0	100.0	100.0	100.0
46	2	test	class1_trainBatch9	99	class1_test	13	100.0	100.0	100.0	100.0	100.0
46	2	train	class1_trainBatch9	99	class1_test	13	100.0	100.0	100.0	100.0	100.0
46	3	test	class1_trainBatch9	99	class1_test	13	100.0	100.0	100.0	100.0	100.0
46	3	train	class1_trainBatch9	99	class1_test	13	100.0	100.0	100.0	100.0	100.0
47	1	test	class1_trainBatch1	11	class1_test	13	82.50000762939453	82.50000762939453	82.50000762939453	15.384615384615385	0.0
47	1	train	class1_trainBatch1	11	class1_test	13	86.42857360839844	82.50000762939453	84.33334350585938	27.27272727272727	0.0
47	2	test	class1_trainBatch1	11	class1_test	13	86.54761505126953	83.33332824707031	84.83333587646484	46.15384615384615	15.384615384615385
47	2	train	class1_trainBatch1	11	class1_test	13	88.25	88.25	88.25	90.9090909090909	45.45454545454545
47	3	test	class1_trainBatch1	11	class1_test	13	93.5714340209961	92.60714721679688	93.05714416503906	76.92307692307693	53.84615384615385
47	3	train	class1_trainBatch1	11	class1_test	13	95.45454406738281	95.45454406738281	95.45454406738281	100.0	81.81818181818183
47	1	test	class1_trainBatch2	22	class1_test	13	93.0	93.0	93.0	38.46153846153847	23.076923076923077
47	1	train	class1_trainBatch2	22	class1_test	13	94.16666412353516	94.16666412353516	94.16666412353516	54.54545454545454	36.36363636363637
47	2	test	class1_trainBatch2	22	class1_test	13	98.54166412353516	98.54166412353516	98.54166412353516	92.3076923076923	84.61538461538461
47	2	train	class1_trainBatch2	22	class1_test	13	95.1190414428711	95.1190414428711	95.1190414428711	95.45454545454545	72.72727272727273
47	3	test	class1_trainBatch2	22	class1_test	13	100.0	100.0	100.0	100.0	100.0
47	3	train	class1_trainBatch2	22	class1_test	13	99.20454406738281	99.20454406738281	99.20454406738281	100.0	95.45454545454545
47	1	test	class1_trainBatch3	33	class1_test	13	88.39286041259766	87.18750762939453	87.75000762939453	61.53846153846154	23.076923076923077
47	1	train	class1_trainBatch3	33	class1_test	13	89.50463104248047	87.74195861816406	88.56452941894531	93.93939393939394	33.33333333333333
47	2	test	class1_trainBatch3	33	class1_test	13	100.0	100.0	100.0	100.0	100.0
47	2	train	class1_trainBatch3	33	class1_test	13	97.8535385131836	98.40908813476562	98.11497497558594	100.0	90.9090909090909
47	3	test	class1_trainBatch3	33	class1_test	13	100.0	100.0	100.0	100.0	100.0
47	3	train	class1_trainBatch3	33	class1_test	13	100.0	100.0	100.0	100.0	100.0
47	1	test	class1_trainBatch4	44	class1_test	13	88.39286041259766	87.18750762939453	87.75000762939453	61.53846153846154	23.076923076923077
47	1	train	class1_trainBatch4	44	class1_test	13	90.04254150390625	88.51191711425781	89.22620391845703	95.45454545454545	38.63636363636363
47	2	test	class1_trainBatch4	44	class1_test	13	100.0	100.0	100.0	100.0	100.0
47	2	train	class1_trainBatch4	44	class1_test	13	100.0	100.0	100.0	100.0	100.0
47	3	test	class1_trainBatch4	44	class1_test	13	100.0	100.0	100.0	100.0	100.0
47	3	train	class1_trainBatch4	44	class1_test	13	100.0	100.0	100.0	100.0	100.0
47	1	test	class1_trainBatch5	55	class1_test	13	91.25	91.25	91.25	61.53846153846154	30.76923076923077
47	1	train	class1_trainBatch5	55	class1_test	13	91.92310333251953	91.92310333251953	91.92310333251953	94.54545454545455	50.90909090909091
47	2	test	class1_trainBatch5	55	class1_test	13	100.0	100.0	100.0	100.0	100.0
47	2	train	class1_trainBatch5	55	class1_test	13	100.0	100.0	100.0	100.0	100.0
47	3	test	class1_trainBatch5	55	class1_test	13	100.0	100.0	100.0	100.0	100.0
47	3	train	class1_trainBatch5	55	class1_test	13	100.0	100.0	100.0	100.0	100.0
47	1	test	class1_trainBatch6	66	class1_test	13	93.43750762939453	93.43750762939453	93.43750762939453	61.53846153846154	38.46153846153847
47	1	train	class1_trainBatch6	66	class1_test	13	95.55085754394531	95.55085754394531	95.55085754394531	89.39393939393939	66.66666666666666
47	2	test	class1_trainBatch6	66	class1_test	13	100.0	100.0	100.0	100.0	100.0
47	2	train	class1_trainBatch6	66	class1_test	13	100.0	100.0	100.0	100.0	100.0
47	3	test	class1_trainBatch6	66	class1_test	13	100.0	100.0	100.0	100.0	100.0
47	3	train	class1_trainBatch6	66	class1_test	13	100.0	100.0	100.0	100.0	100.0
47	1	test	class1_trainBatch7	77	class1_test	13	93.43750762939453	93.43750762939453	93.43750762939453	61.53846153846154	38.46153846153847
47	1	train	class1_trainBatch7	77	class1_test	13	93.9130630493164	93.9130630493164	93.9130630493164	89.6103896103896	58.44155844155844
47	2	test	class1_trainBatch7	77	class1_test	13	100.0	100.0	100.0	100.0	100.0
47	2	train	class1_trainBatch7	77	class1_test	13	100.0	100.0	100.0	100.0	100.0
47	3	test	class1_trainBatch7	77	class1_test	13	100.0	100.0	100.0	100.0	100.0
47	3	train	class1_trainBatch7	77	class1_test	13	100.0	100.0	100.0	100.0	100.0
47	1	test	class1_trainBatch8	88	class1_test	13	93.43750762939453	93.43750762939453	93.43750762939453	61.53846153846154	38.46153846153847
47	1	train	class1_trainBatch8	88	class1_test	13	96.03333282470703	96.03333282470703	96.03333282470703	85.22727272727273	65.9090909090909
47	2	test	class1_trainBatch8	88	class1_test	13	100.0	100.0	100.0	100.0	100.0
47	2	train	class1_trainBatch8	88	class1_test	13	100.0	100.0	100.0	100.0	100.0
47	3	test	class1_trainBatch8	88	class1_test	13	100.0	100.0	100.0	100.0	100.0
47	3	train	class1_trainBatch8	88	class1_test	13	100.0	100.0	100.0	100.0	100.0
47	1	test	class1_trainBatch9	99	class1_test	13	93.43750762939453	93.43750762939453	93.43750762939453	61.53846153846154	38.46153846153847
47	1	train	class1_trainBatch9	99	class1_test	13	95.62499237060547	95.62499237060547	95.62499237060547	84.84848484848484	63.63636363636363
47	2	test	class1_trainBatch9	99	class1_test	13	100.0	100.0	100.0	100.0	100.0
47	2	train	class1_trainBatch9	99	class1_test	13	100.0	100.0	100.0	100.0	100.0
47	3	test	class1_trainBatch9	99	class1_test	13	100.0	100.0	100.0	100.0	100.0
47	3	train	class1_trainBatch9	99	class1_test	13	100.0	100.0	100.0	100.0	100.0
48	1	test	class1_trainBatch1	11	class1_test	13	94.28572082519531	82.50000762939453	88.00000762939453	7.6923076923076925	0.0
48	1	train	class1_trainBatch1	11	class1_test	13	85.4464340209961	82.50000762939453	83.87500762939453	36.36363636363637	0.0
48	2	test	class1_trainBatch1	11	class1_test	13	82.50000762939453	82.50000762939453	82.50000762939453	7.6923076923076925	0.0
48	2	train	class1_trainBatch1	11	class1_test	13	93.0	93.0	93.0	45.45454545454545	27.27272727272727
48	3	test	class1_trainBatch1	11	class1_test	13	93.50000762939453	93.50000762939453	93.50000762939453	38.46153846153847	30.76923076923077
48	3	train	class1_trainBatch1	11	class1_test	13	97.5	97.5	97.5	63.63636363636363	54.54545454545454
48	1	test	class1_trainBatch2	22	class1_test	13	91.25	91.25	91.25	15.384615384615385	7.6923076923076925
48	1	train	class1_trainBatch2	22	class1_test	13	90.45454406738281	90.45454406738281	90.45454406738281	50.0	22.727272727272727
48	2	test	class1_trainBatch2	22	class1_test	13	93.0	93.0	93.0	38.46153846153847	23.076923076923077
48	2	train	class1_trainBatch2	22	class1_test	13	97.5	97.5	97.5	63.63636363636363	54.54545454545454
48	3	test	class1_trainBatch2	22	class1_test	13	89.16666412353516	89.16666412353516	89.16666412353516	69.23076923076923	46.15384615384615
48	3	train	class1_trainBatch2	22	class1_test	13	95.58928680419922	95.58928680419922	95.58928680419922	90.9090909090909	72.72727272727273
48	1	test	class1_trainBatch3	33	class1_test	13	78.33333587646484	78.33333587646484	78.33333587646484	46.15384615384615	15.384615384615385
48	1	train	class1_trainBatch3	33	class1_test	13	93.57142639160156	93.57142639160156	93.57142639160156	63.63636363636363	45.45454545454545
48	2	test	class1_trainBatch3	33	class1_test	13	86.78571319580078	83.65385437011719	85.11539459228516	100.0	46.15384615384615
48	2	train	class1_trainBatch3	33	class1_test	13	95.94155883789062	95.0	95.43939208984375	100.0	81.81818181818183
48	3	test	class1_trainBatch3	33	class1_test	13	92.50000762939453	92.50000762939453	92.50000762939453	100.0	76.92307692307693
48	3	train	class1_trainBatch3	33	class1_test	13	97.5	97.5	97.5	100.0	90.9090909090909
48	1	test	class1_trainBatch4	44	class1_test	13	93.35165405273438	90.96154022216797	92.0769271850586	100.0	61.53846153846154
48	1	train	class1_trainBatch4	44	class1_test	13	96.19318389892578	95.00000762939453	95.55683135986328	100.0	77.27272727272727
48	2	test	class1_trainBatch4	44	class1_test	13	92.50000762939453	92.50000762939453	92.50000762939453	100.0	76.92307692307693
48	2	train	class1_trainBatch4	44	class1_test	13	96.64772033691406	96.64772033691406	96.64772033691406	100.0	88.63636363636364
48	3	test	class1_trainBatch4	44	class1_test	13	92.50000762939453	92.50000762939453	92.50000762939453	100.0	76.92307692307693
48	3	train	class1_trainBatch4	44	class1_test	13	96.64772033691406	96.64772033691406	96.64772033691406	100.0	88.63636363636364
48	1	test	class1_trainBatch5	55	class1_test	13	96.04395294189453	93.65384674072266	94.76923370361328	100.0	76.92307692307693
48	1	train	class1_trainBatch5	55	class1_test	13	98.54544830322266	97.59090423583984	98.03636932373047	100.0	90.9090909090909
48	2	test	class1_trainBatch5	55	class1_test	13	92.50000762939453	92.50000762939453	92.50000762939453	100.0	76.92307692307693
48	2	train	class1_trainBatch5	55	class1_test	13	97.31817626953125	97.31817626953125	97.31817626953125	100.0	90.9090909090909
48	3	test	class1_trainBatch5	55	class1_test	13	92.50000762939453	92.50000762939453	92.50000762939453	100.0	76.92307692307693
48	3	train	class1_trainBatch5	55	class1_test	13	97.31817626953125	97.31817626953125	97.31817626953125	100.0	90.9090909090909
48	1	test	class1_trainBatch6	66	class1_test	13	97.30768585205078	97.30768585205078	97.30768585205078	100.0	84.61538461538461
48	1	train	class1_trainBatch6	66	class1_test	13	97.61363983154297	97.61363983154297	97.61363983154297	100.0	86.36363636363636
48	2	test	class1_trainBatch6	66	class1_test	13	100.0	100.0	100.0	100.0	100.0
48	2	train	class1_trainBatch6	66	class1_test	13	100.0	100.0	100.0	100.0	100.0
48	3	test	class1_trainBatch6	66	class1_test	13	100.0	100.0	100.0	100.0	100.0
48	3	train	class1_trainBatch6	66	class1_test	13	100.0	100.0	100.0	100.0	100.0
48	1	test	class1_trainBatch7	77	class1_test	13	100.0	100.0	100.0	100.0	100.0
48	1	train	class1_trainBatch7	77	class1_test	13	100.0	100.0	100.0	100.0	100.0
48	2	test	class1_trainBatch7	77	class1_test	13	100.0	100.0	100.0	100.0	100.0
48	2	train	class1_trainBatch7	77	class1_test	13	100.0	100.0	100.0	100.0	100.0
48	3	test	class1_trainBatch7	77	class1_test	13	100.0	100.0	100.0	100.0	100.0
48	3	train	class1_trainBatch7	77	class1_test	13	100.0	100.0	100.0	100.0	100.0
48	1	test	class1_trainBatch8	88	class1_test	13	100.0	100.0	100.0	100.0	100.0
48	1	train	class1_trainBatch8	88	class1_test	13	100.0	100.0	100.0	100.0	100.0
48	2	test	class1_trainBatch8	88	class1_test	13	100.0	100.0	100.0	100.0	100.0
48	2	train	class1_trainBatch8	88	class1_test	13	100.0	100.0	100.0	100.0	100.0
48	3	test	class1_trainBatch8	88	class1_test	13	100.0	100.0	100.0	100.0	100.0
48	3	train	class1_trainBatch8	88	class1_test	13	100.0	100.0	100.0	100.0	100.0
48	1	test	class1_trainBatch9	99	class1_test	13	100.0	100.0	100.0	100.0	100.0
48	1	train	class1_trainBatch9	99	class1_test	13	100.0	100.0	100.0	100.0	100.0
48	2	test	class1_trainBatch9	99	class1_test	13	100.0	100.0	100.0	100.0	100.0
48	2	train	class1_trainBatch9	99	class1_test	13	100.0	100.0	100.0	100.0	100.0
48	3	test	class1_trainBatch9	99	class1_test	13	100.0	100.0	100.0	100.0	100.0
48	3	train	class1_trainBatch9	99	class1_test	13	100.0	100.0	100.0	100.0	100.0
49	1	test	class1_trainBatch1	11	class1_test	13	77.5	77.5	77.5	23.076923076923077	0.0
49	1	train	class1_trainBatch1	11	class1_test	13	82.50000762939453	82.50000762939453	82.50000762939453	9.090909090909092	0.0
49	2	test	class1_trainBatch1	11	class1_test	13	90.0	90.0	90.0	38.46153846153847	23.076923076923077
49	2	train	class1_trainBatch1	11	class1_test	13	83.33332824707031	83.33332824707031	83.33332824707031	27.27272727272727	9.090909090909092
49	3	test	class1_trainBatch1	11	class1_test	13	88.05194854736328	86.29869842529297	87.11688232421875	84.61538461538461	46.15384615384615
49	3	train	class1_trainBatch1	11	class1_test	13	89.90259552001953	87.95453643798828	88.86363220214844	100.0	54.54545454545454
49	1	test	class1_trainBatch2	22	class1_test	13	88.50000762939453	88.50000762939453	88.50000762939453	76.92307692307693	46.15384615384615
49	1	train	class1_trainBatch2	22	class1_test	13	96.875	96.875	96.875	72.72727272727273	63.63636363636363
49	2	test	class1_trainBatch2	22	class1_test	13	90.41667175292969	90.41667175292969	90.41667175292969	92.3076923076923	61.53846153846154
49	2	train	class1_trainBatch2	22	class1_test	13	95.87499237060547	95.87499237060547	95.87499237060547	90.9090909090909	77.27272727272727
49	3	test	class1_trainBatch2	22	class1_test	13	92.50000762939453	92.50000762939453	92.50000762939453	100.0	76.92307692307693
49	3	train	class1_trainBatch2	22	class1_test	13	97.04545593261719	97.04545593261719	97.04545593261719	100.0	90.9090909090909
49	1	test	class1_trainBatch3	33	class1_test	13	85.25000762939453	85.25000762939453	85.25000762939453	76.92307692307693	38.46153846153847
49	1	train	class1_trainBatch3	33	class1_test	13	93.18965911865234	93.18965911865234	93.18965911865234	87.87878787878788	66.66666666666666
49	2	test	class1_trainBatch3	33	class1_test	13	95.0	95.0	95.0	76.92307692307693	61.53846153846154
49	2	train	class1_trainBatch3	33	class1_test	13	94.50000762939453	94.50000762939453	94.50000762939453	90.9090909090909	72.72727272727273
49	3	test	class1_trainBatch3	33	class1_test	13	100.0	100.0	100.0	100.0	100.0
49	3	train	class1_trainBatch3	33	class1_test	13	98.78787231445312	99.01514434814453	98.89482116699219	100.0	96.96969696969697
49	1	test	class1_trainBatch4	44	class1_test	13	98.65384674072266	98.65384674072266	98.65384674072266	100.0	92.3076923076923
49	1	train	class1_trainBatch4	44	class1_test	13	97.21591186523438	97.21591186523438	97.21591186523438	100.0	84.0909090909091
49	2	test	class1_trainBatch4	44	class1_test	13	100.0	100.0	100.0	100.0	100.0
49	2	train	class1_trainBatch4	44	class1_test	13	100.0	100.0	100.0	100.0	100.0
49	3	test	class1_trainBatch4	44	class1_test	13	100.0	100.0	100.0	100.0	100.0
49	3	train	class1_trainBatch4	44	class1_test	13	100.0	100.0	100.0	100.0	100.0
49	1	test	class1_trainBatch5	55	class1_test	13	97.30768585205078	97.30768585205078	97.30768585205078	100.0	84.61538461538461
49	1	train	class1_trainBatch5	55	class1_test	13	97.1363754272461	97.1363754272461	97.1363754272461	100.0	83.63636363636363
49	2	test	class1_trainBatch5	55	class1_test	13	100.0	100.0	100.0	100.0	100.0
49	2	train	class1_trainBatch5	55	class1_test	13	100.0	100.0	100.0	100.0	100.0
49	3	test	class1_trainBatch5	55	class1_test	13	100.0	100.0	100.0	100.0	100.0
49	3	train	class1_trainBatch5	55	class1_test	13	100.0	100.0	100.0	100.0	100.0
49	1	test	class1_trainBatch6	66	class1_test	13	98.65384674072266	98.65384674072266	98.65384674072266	100.0	92.3076923076923
49	1	train	class1_trainBatch6	66	class1_test	13	97.3484878540039	97.3484878540039	97.3484878540039	100.0	84.84848484848484
49	2	test	class1_trainBatch6	66	class1_test	13	100.0	100.0	100.0	100.0	100.0
49	2	train	class1_trainBatch6	66	class1_test	13	100.0	100.0	100.0	100.0	100.0
49	3	test	class1_trainBatch6	66	class1_test	13	100.0	100.0	100.0	100.0	100.0
49	3	train	class1_trainBatch6	66	class1_test	13	100.0	100.0	100.0	100.0	100.0
49	1	test	class1_trainBatch7	77	class1_test	13	100.0	100.0	100.0	100.0	100.0
49	1	train	class1_trainBatch7	77	class1_test	13	100.0	100.0	100.0	100.0	100.0
49	2	test	class1_trainBatch7	77	class1_test	13	100.0	100.0	100.0	100.0	100.0
49	2	train	class1_trainBatch7	77	class1_test	13	100.0	100.0	100.0	100.0	100.0
49	3	test	class1_trainBatch7	77	class1_test	13	100.0	100.0	100.0	100.0	100.0
49	3	train	class1_trainBatch7	77	class1_test	13	100.0	100.0	100.0	100.0	100.0
49	1	test	class1_trainBatch8	88	class1_test	13	100.0	100.0	100.0	100.0	100.0
49	1	train	class1_trainBatch8	88	class1_test	13	100.0	100.0	100.0	100.0	100.0
49	2	test	class1_trainBatch8	88	class1_test	13	100.0	100.0	100.0	100.0	100.0
49	2	train	class1_trainBatch8	88	class1_test	13	100.0	100.0	100.0	100.0	100.0
49	3	test	class1_trainBatch8	88	class1_test	13	100.0	100.0	100.0	100.0	100.0
49	3	train	class1_trainBatch8	88	class1_test	13	100.0	100.0	100.0	100.0	100.0
49	1	test	class1_trainBatch9	99	class1_test	13	100.0	100.0	100.0	100.0	100.0
49	1	train	class1_trainBatch9	99	class1_test	13	100.0	100.0	100.0	100.0	100.0
49	2	test	class1_trainBatch9	99	class1_test	13	100.0	100.0	100.0	100.0	100.0
49	2	train	class1_trainBatch9	99	class1_test	13	100.0	100.0	100.0	100.0	100.0
49	3	test	class1_trainBatch9	99	class1_test	13	100.0	100.0	100.0	100.0	100.0
49	3	train	class1_trainBatch9	99	class1_test	13	100.0	100.0	100.0	100.0	100.0
