46	1	test	class1_trainBatch1	11	class1_test	13	82.50000762939453	82.50000762939453	82.50000762939453	7.6923076923076925	0.0
46	1	train	class1_trainBatch1	11	class1_test	13	100.0	100.0	100.0	9.090909090909092	100.0
46	2	test	class1_trainBatch1	11	class1_test	13	82.50000762939453	82.50000762939453	82.50000762939453	7.6923076923076925	0.0
46	2	train	class1_trainBatch1	11	class1_test	13	100.0	100.0	100.0	9.090909090909092	100.0
46	3	test	class1_trainBatch1	11	class1_test	13	88.33333587646484	88.33333587646484	88.33333587646484	23.076923076923077	33.33333333333333
46	3	train	class1_trainBatch1	11	class1_test	13	94.82142639160156	94.82142639160156	94.82142639160156	36.36363636363637	75.0
46	1	test	class1_trainBatch2	22	class1_test	13	95.00000762939453	95.00000762939453	95.00000762939453	100.0	84.61538461538461
46	1	train	class1_trainBatch2	22	class1_test	13	97.36841583251953	97.36841583251953	97.36841583251953	86.36363636363636	89.47368421052632
46	2	test	class1_trainBatch2	22	class1_test	13	97.30768585205078	97.30768585205078	97.30768585205078	100.0	84.61538461538461
46	2	train	class1_trainBatch2	22	class1_test	13	95.87662506103516	95.34091186523438	95.59091186523438	100.0	77.27272727272727
46	3	test	class1_trainBatch2	22	class1_test	13	97.30768585205078	97.30768585205078	97.30768585205078	100.0	84.61538461538461
46	3	train	class1_trainBatch2	22	class1_test	13	97.35389709472656	96.81817626953125	97.06817626953125	100.0	81.81818181818183
46	1	test	class1_trainBatch3	33	class1_test	13	100.0	100.0	100.0	100.0	100.0
46	1	train	class1_trainBatch3	33	class1_test	13	100.0	100.0	100.0	100.0	100.0
46	2	test	class1_trainBatch3	33	class1_test	13	100.0	100.0	100.0	100.0	100.0
46	2	train	class1_trainBatch3	33	class1_test	13	100.0	100.0	100.0	100.0	100.0
46	3	test	class1_trainBatch3	33	class1_test	13	100.0	100.0	100.0	100.0	100.0
46	3	train	class1_trainBatch3	33	class1_test	13	100.0	100.0	100.0	100.0	100.0
48	1	test	class1_trainBatch1	11	class1_test	13	82.50000762939453	82.50000762939453	82.50000762939453	7.6923076923076925	0.0
48	1	train	class1_trainBatch1	11	class1_test	13	82.50000762939453	82.50000762939453	82.50000762939453	27.27272727272727	0.0
48	2	test	class1_trainBatch1	11	class1_test	13	94.28572082519531	82.50000762939453	88.00000762939453	7.6923076923076925	0.0
48	2	train	class1_trainBatch1	11	class1_test	13	95.17858123779297	91.25000762939453	93.08333587646484	54.54545454545454	50.0
48	3	test	class1_trainBatch1	11	class1_test	13	83.33332824707031	83.33332824707031	83.33332824707031	46.15384615384615	33.33333333333333
48	3	train	class1_trainBatch1	11	class1_test	13	100.0	100.0	100.0	63.63636363636363	100.0
48	1	test	class1_trainBatch2	22	class1_test	13	91.25	91.25	91.25	15.384615384615385	50.0
48	1	train	class1_trainBatch2	22	class1_test	13	90.45454406738281	90.45454406738281	90.45454406738281	50.0	45.45454545454545
48	2	test	class1_trainBatch2	22	class1_test	13	94.16667175292969	94.16667175292969	94.16667175292969	69.23076923076923	66.66666666666666
48	2	train	class1_trainBatch2	22	class1_test	13	97.6785659790039	96.5	97.05000305175781	90.9090909090909	80.0
48	3	test	class1_trainBatch2	22	class1_test	13	94.16667175292969	94.16667175292969	94.16667175292969	69.23076923076923	66.66666666666666
48	3	train	class1_trainBatch2	22	class1_test	13	99.125	99.125	99.125	90.9090909090909	95.0
48	1	test	class1_trainBatch3	33	class1_test	13	92.50000762939453	92.50000762939453	92.50000762939453	100.0	76.92307692307693
48	1	train	class1_trainBatch3	33	class1_test	13	97.5	97.5	97.5	100.0	90.9090909090909
48	2	test	class1_trainBatch3	33	class1_test	13	95.96153259277344	95.96153259277344	95.96153259277344	100.0	76.92307692307693
48	2	train	class1_trainBatch3	33	class1_test	13	98.7662353515625	98.40908813476562	98.57575225830078	100.0	90.9090909090909
48	3	test	class1_trainBatch3	33	class1_test	13	95.96153259277344	95.96153259277344	95.96153259277344	100.0	76.92307692307693
48	3	train	class1_trainBatch3	33	class1_test	13	98.93939971923828	98.93939971923828	98.93939971923828	100.0	93.93939393939394
48	1	test	class1_trainBatch4	44	class1_test	13	100.0	100.0	100.0	100.0	100.0
48	1	train	class1_trainBatch4	44	class1_test	13	100.0	100.0	100.0	100.0	100.0
48	2	test	class1_trainBatch4	44	class1_test	13	100.0	100.0	100.0	100.0	100.0
48	2	train	class1_trainBatch4	44	class1_test	13	100.0	100.0	100.0	100.0	100.0
48	3	test	class1_trainBatch4	44	class1_test	13	100.0	100.0	100.0	100.0	100.0
48	3	train	class1_trainBatch4	44	class1_test	13	100.0	100.0	100.0	100.0	100.0
50	1	test	class1_trainBatch1	11	class1_test	13	NaN	NaN	NaN	0.0	NaN
50	1	train	class1_trainBatch1	11	class1_test	13	84.6875	84.6875	84.6875	18.181818181818183	50.0
50	2	test	class1_trainBatch1	11	class1_test	13	69.375	69.375	69.375	7.6923076923076925	0.0
50	2	train	class1_trainBatch1	11	class1_test	13	72.26785278320312	69.875	70.99166870117188	90.9090909090909	0.0
50	3	test	class1_trainBatch1	11	class1_test	13	92.85713958740234	81.25	86.66666412353516	7.6923076923076925	0.0
50	3	train	class1_trainBatch1	11	class1_test	13	76.4610366821289	71.59090423583984	73.86363983154297	100.0	0.0
50	1	test	class1_trainBatch2	22	class1_test	13	NaN	NaN	NaN	0.0	NaN
50	1	train	class1_trainBatch2	22	class1_test	13	69.375	69.375	69.375	4.545454545454546	0.0
50	2	test	class1_trainBatch2	22	class1_test	13	68.43750762939453	68.43750762939453	68.43750762939453	15.384615384615385	0.0
50	2	train	class1_trainBatch2	22	class1_test	13	88.97321319580078	87.734375	88.3125	36.36363636363637	50.0
50	3	test	class1_trainBatch2	22	class1_test	13	65.3652572631836	61.193180084228516	63.140159606933594	84.61538461538461	0.0
50	3	train	class1_trainBatch2	22	class1_test	13	75.34090423583984	71.1647720336914	73.11363220214844	100.0	9.090909090909092
50	1	test	class1_trainBatch3	33	class1_test	13	NaN	NaN	NaN	0.0	NaN
50	1	train	class1_trainBatch3	33	class1_test	13	100.0	100.0	100.0	3.0303030303030303	100.0
50	2	test	class1_trainBatch3	33	class1_test	13	95.625	95.625	95.625	30.76923076923077	75.0
50	2	train	class1_trainBatch3	33	class1_test	13	85.62500762939453	85.62500762939453	85.62500762939453	27.27272727272727	44.44444444444444
50	3	test	class1_trainBatch3	33	class1_test	13	94.48413848876953	90.55555725097656	92.3888931274414	69.23076923076923	55.55555555555556
50	3	train	class1_trainBatch3	33	class1_test	13	90.70001220703125	86.5821533203125	88.50381469726562	75.75757575757575	40.0
50	1	test	class1_trainBatch4	44	class1_test	13	100.0	100.0	100.0	15.384615384615385	100.0
50	1	train	class1_trainBatch4	44	class1_test	13	100.0	100.0	100.0	9.090909090909092	100.0
50	2	test	class1_trainBatch4	44	class1_test	13	100.0	100.0	100.0	69.23076923076923	100.0
50	2	train	class1_trainBatch4	44	class1_test	13	100.0	100.0	100.0	54.54545454545454	100.0
50	3	test	class1_trainBatch4	44	class1_test	13	96.38888549804688	96.38888549804688	96.38888549804688	69.23076923076923	88.88888888888889
50	3	train	class1_trainBatch4	44	class1_test	13	94.43453216552734	93.54663848876953	93.96098327636719	81.81818181818183	75.0
50	1	test	class1_trainBatch5	55	class1_test	13	100.0	100.0	100.0	23.076923076923077	100.0
50	1	train	class1_trainBatch5	55	class1_test	13	100.0	100.0	100.0	16.363636363636363	100.0
50	2	test	class1_trainBatch5	55	class1_test	13	100.0	100.0	100.0	69.23076923076923	100.0
50	2	train	class1_trainBatch5	55	class1_test	13	100.0	100.0	100.0	74.54545454545455	100.0
50	3	test	class1_trainBatch5	55	class1_test	13	100.0	100.0	100.0	69.23076923076923	100.0
50	3	train	class1_trainBatch5	55	class1_test	13	97.89596557617188	97.20108032226562	97.5253677368164	83.63636363636363	86.95652173913044
50	1	test	class1_trainBatch6	66	class1_test	13	100.0	100.0	100.0	46.15384615384615	100.0
50	1	train	class1_trainBatch6	66	class1_test	13	100.0	100.0	100.0	27.27272727272727	100.0
50	2	test	class1_trainBatch6	66	class1_test	13	100.0	100.0	100.0	100.0	100.0
50	2	train	class1_trainBatch6	66	class1_test	13	100.0	100.0	100.0	100.0	100.0
50	3	test	class1_trainBatch6	66	class1_test	13	100.0	100.0	100.0	100.0	100.0
50	3	train	class1_trainBatch6	66	class1_test	13	97.23304748535156	96.45833587646484	96.80879974365234	100.0	87.87878787878788
50	1	test	class1_trainBatch7	77	class1_test	13	100.0	100.0	100.0	38.46153846153847	100.0
50	1	train	class1_trainBatch7	77	class1_test	13	100.0	100.0	100.0	50.649350649350644	100.0
50	2	test	class1_trainBatch7	77	class1_test	13	100.0	100.0	100.0	100.0	100.0
50	2	train	class1_trainBatch7	77	class1_test	13	100.0	100.0	100.0	100.0	100.0
50	3	test	class1_trainBatch7	77	class1_test	13	100.0	100.0	100.0	100.0	100.0
50	3	train	class1_trainBatch7	77	class1_test	13	95.76568603515625	94.85271453857422	95.25981140136719	100.0	83.11688311688312
50	1	test	class1_trainBatch8	88	class1_test	13	100.0	100.0	100.0	38.46153846153847	100.0
50	1	train	class1_trainBatch8	88	class1_test	13	100.0	100.0	100.0	51.13636363636363	100.0
50	2	test	class1_trainBatch8	88	class1_test	13	100.0	100.0	100.0	100.0	100.0
50	2	train	class1_trainBatch8	88	class1_test	13	100.0	100.0	100.0	100.0	100.0
50	3	test	class1_trainBatch8	88	class1_test	13	100.0	100.0	100.0	100.0	100.0
50	3	train	class1_trainBatch8	88	class1_test	13	95.8522720336914	94.83560943603516	95.28516387939453	100.0	82.95454545454545
52	1	test	class1_trainBatch1	11	class1_test	13	NaN	NaN	NaN	0.0	NaN
52	1	train	class1_trainBatch1	11	class1_test	13	NaN	NaN	NaN	0.0	NaN
52	2	test	class1_trainBatch1	11	class1_test	13	82.50000762939453	82.50000762939453	82.50000762939453	7.6923076923076925	0.0
52	2	train	class1_trainBatch1	11	class1_test	13	100.0	100.0	100.0	27.27272727272727	100.0
52	3	test	class1_trainBatch1	11	class1_test	13	88.0952377319336	88.0952377319336	88.0952377319336	23.076923076923077	66.66666666666666
52	3	train	class1_trainBatch1	11	class1_test	13	100.0	100.0	100.0	54.54545454545454	100.0
52	1	test	class1_trainBatch2	22	class1_test	13	100.0	100.0	100.0	53.84615384615385	100.0
52	1	train	class1_trainBatch2	22	class1_test	13	100.0	100.0	100.0	45.45454545454545	100.0
52	2	test	class1_trainBatch2	22	class1_test	13	96.1111068725586	96.1111068725586	96.1111068725586	69.23076923076923	77.77777777777779
52	2	train	class1_trainBatch2	22	class1_test	13	97.5	97.5	97.5	63.63636363636363	85.71428571428571
52	3	test	class1_trainBatch2	22	class1_test	13	96.84524536132812	93.89881134033203	95.27381134033203	92.3076923076923	66.66666666666666
52	3	train	class1_trainBatch2	22	class1_test	13	98.10714721679688	96.33928680419922	97.1642837524414	90.9090909090909	80.0
52	1	test	class1_trainBatch3	33	class1_test	13	100.0	100.0	100.0	84.61538461538461	100.0
52	1	train	class1_trainBatch3	33	class1_test	13	100.0	100.0	100.0	84.84848484848484	100.0
52	2	test	class1_trainBatch3	33	class1_test	13	100.0	100.0	100.0	84.61538461538461	100.0
52	2	train	class1_trainBatch3	33	class1_test	13	100.0	100.0	100.0	84.84848484848484	100.0
52	3	test	class1_trainBatch3	33	class1_test	13	100.0	100.0	100.0	100.0	100.0
52	3	train	class1_trainBatch3	33	class1_test	13	100.0	100.0	100.0	100.0	100.0
52	1	test	class1_trainBatch4	44	class1_test	13	100.0	100.0	100.0	100.0	100.0
52	1	train	class1_trainBatch4	44	class1_test	13	100.0	100.0	100.0	100.0	100.0
52	2	test	class1_trainBatch4	44	class1_test	13	100.0	100.0	100.0	100.0	100.0
52	2	train	class1_trainBatch4	44	class1_test	13	100.0	100.0	100.0	100.0	100.0
52	3	test	class1_trainBatch4	44	class1_test	13	100.0	100.0	100.0	100.0	100.0
52	3	train	class1_trainBatch4	44	class1_test	13	100.0	100.0	100.0	100.0	100.0
56	1	test	class1_trainBatch1	11	class1_test	13	81.42857360839844	79.46429443359375	80.38096618652344	46.15384615384615	0.0
56	1	train	class1_trainBatch1	11	class1_test	13	88.39286804199219	82.50000762939453	85.25000762939453	18.181818181818183	0.0
56	2	test	class1_trainBatch1	11	class1_test	13	88.03570556640625	85.6785659790039	86.77857208251953	76.92307692307693	20.0
56	2	train	class1_trainBatch1	11	class1_test	13	94.21428680419922	89.50000762939453	91.69999694824219	45.45454545454545	40.0
56	3	test	class1_trainBatch1	11	class1_test	13	87.11309051513672	85.1488037109375	86.06547546386719	92.3076923076923	16.666666666666664
56	3	train	class1_trainBatch1	11	class1_test	13	95.77922058105469	93.63636016845703	94.63636016845703	100.0	63.63636363636363
56	1	test	class1_trainBatch2	22	class1_test	13	84.80769348144531	84.80769348144531	84.80769348144531	100.0	46.15384615384615
56	1	train	class1_trainBatch2	22	class1_test	13	95.1948013305664	94.65909576416016	94.90909576416016	100.0	77.27272727272727
56	2	test	class1_trainBatch2	22	class1_test	13	91.4835205078125	90.57691955566406	91.0	100.0	46.15384615384615
56	2	train	class1_trainBatch2	22	class1_test	13	97.6298599243164	96.0227279663086	96.7727279663086	100.0	77.27272727272727
56	3	test	class1_trainBatch2	22	class1_test	13	95.96153259277344	95.96153259277344	95.96153259277344	100.0	76.92307692307693
56	3	train	class1_trainBatch2	22	class1_test	13	99.20454406738281	99.20454406738281	99.20454406738281	100.0	95.45454545454545
56	1	test	class1_trainBatch3	33	class1_test	13	86.15385437011719	86.15385437011719	86.15385437011719	100.0	53.84615384615385
56	1	train	class1_trainBatch3	33	class1_test	13	96.96969604492188	96.96969604492188	96.96969604492188	100.0	87.87878787878788
56	2	test	class1_trainBatch3	33	class1_test	13	92.82967376708984	91.9230728149414	92.34615325927734	100.0	53.84615384615385
56	2	train	class1_trainBatch3	33	class1_test	13	98.59307098388672	97.8787841796875	98.21212005615234	100.0	87.87878787878788
56	3	test	class1_trainBatch3	33	class1_test	13	97.30768585205078	97.30768585205078	97.30768585205078	100.0	84.61538461538461
56	3	train	class1_trainBatch3	33	class1_test	13	99.46969604492188	99.46969604492188	99.46969604492188	100.0	96.96969696969697
