46	1	test	class1_trainBatch1	11	class1_test	13	100.0	100.0	100.0	7.6923076923076925	100.0
46	1	train	class1_trainBatch1	11	class1_test	13	100.0	100.0	100.0	18.181818181818183	100.0
46	2	test	class1_trainBatch1	11	class1_test	13	94.16666412353516	94.16666412353516	94.16666412353516	23.076923076923077	66.66666666666666
46	2	train	class1_trainBatch1	11	class1_test	13	99.18367004394531	97.5	98.28571319580078	63.63636363636363	85.71428571428571
46	3	test	class1_trainBatch1	11	class1_test	13	91.25	91.25	91.25	30.76923076923077	50.0
46	3	train	class1_trainBatch1	11	class1_test	13	99.42857360839844	98.24999237060547	98.80000305175781	90.9090909090909	90.0
46	1	test	class1_trainBatch2	22	class1_test	13	91.18132019042969	89.3681411743164	90.21428680419922	100.0	53.84615384615385
46	1	train	class1_trainBatch2	22	class1_test	13	94.8214340209961	93.75	94.24999237060547	100.0	68.18181818181817
46	2	test	class1_trainBatch2	22	class1_test	13	94.01099395751953	90.71428680419922	92.25275421142578	100.0	61.53846153846154
46	2	train	class1_trainBatch2	22	class1_test	13	98.68506622314453	97.61363983154297	98.11363220214844	100.0	86.36363636363636
46	3	test	class1_trainBatch2	22	class1_test	13	97.30768585205078	97.30768585205078	97.30768585205078	100.0	84.61538461538461
46	3	train	class1_trainBatch2	22	class1_test	13	98.9448013305664	98.40908813476562	98.65909576416016	100.0	90.9090909090909
46	1	test	class1_trainBatch3	33	class1_test	13	95.00000762939453	95.00000762939453	95.00000762939453	100.0	84.61538461538461
46	1	train	class1_trainBatch3	33	class1_test	13	97.95454406738281	97.95454406738281	97.95454406738281	100.0	90.9090909090909
46	2	test	class1_trainBatch3	33	class1_test	13	100.0	100.0	100.0	100.0	100.0
46	2	train	class1_trainBatch3	33	class1_test	13	100.0	100.0	100.0	100.0	100.0
46	3	test	class1_trainBatch3	33	class1_test	13	100.0	100.0	100.0	100.0	100.0
46	3	train	class1_trainBatch3	33	class1_test	13	100.0	100.0	100.0	100.0	100.0
46	1	test	class1_trainBatch4	44	class1_test	13	95.00000762939453	95.00000762939453	95.00000762939453	100.0	84.61538461538461
46	1	train	class1_trainBatch4	44	class1_test	13	98.06818389892578	98.06818389892578	98.06818389892578	100.0	90.9090909090909
46	2	test	class1_trainBatch4	44	class1_test	13	100.0	100.0	100.0	100.0	100.0
46	2	train	class1_trainBatch4	44	class1_test	13	100.0	100.0	100.0	100.0	100.0
46	3	test	class1_trainBatch4	44	class1_test	13	100.0	100.0	100.0	100.0	100.0
46	3	train	class1_trainBatch4	44	class1_test	13	100.0	100.0	100.0	100.0	100.0
46	1	test	class1_trainBatch5	55	class1_test	13	100.0	100.0	100.0	100.0	100.0
46	1	train	class1_trainBatch5	55	class1_test	13	100.0	100.0	100.0	100.0	100.0
46	2	test	class1_trainBatch5	55	class1_test	13	100.0	100.0	100.0	100.0	100.0
46	2	train	class1_trainBatch5	55	class1_test	13	100.0	100.0	100.0	100.0	100.0
46	3	test	class1_trainBatch5	55	class1_test	13	100.0	100.0	100.0	100.0	100.0
46	3	train	class1_trainBatch5	55	class1_test	13	100.0	100.0	100.0	100.0	100.0
48	1	test	class1_trainBatch1	11	class1_test	13	94.28572082519531	82.50000762939453	88.00000762939453	7.6923076923076925	0.0
48	1	train	class1_trainBatch1	11	class1_test	13	85.4464340209961	82.50000762939453	83.87500762939453	36.36363636363637	0.0
48	2	test	class1_trainBatch1	11	class1_test	13	94.28572082519531	82.50000762939453	88.00000762939453	7.6923076923076925	0.0
48	2	train	class1_trainBatch1	11	class1_test	13	97.71429443359375	93.0	95.20000457763672	45.45454545454545	60.0
48	3	test	class1_trainBatch1	11	class1_test	13	96.5	96.5	96.5	38.46153846153847	80.0
48	3	train	class1_trainBatch1	11	class1_test	13	99.18367004394531	97.5	98.28571319580078	63.63636363636363	85.71428571428571
48	1	test	class1_trainBatch2	22	class1_test	13	91.25	91.25	91.25	15.384615384615385	50.0
48	1	train	class1_trainBatch2	22	class1_test	13	90.45454406738281	90.45454406738281	90.45454406738281	50.0	45.45454545454545
48	2	test	class1_trainBatch2	22	class1_test	13	93.0	93.0	93.0	38.46153846153847	60.0
48	2	train	class1_trainBatch2	22	class1_test	13	98.34183502197266	97.5	97.89285278320312	63.63636363636363	85.71428571428571
48	3	test	class1_trainBatch2	22	class1_test	13	94.16667175292969	94.16667175292969	94.16667175292969	69.23076923076923	66.66666666666666
48	3	train	class1_trainBatch2	22	class1_test	13	97.51785278320312	96.33928680419922	96.88928985595703	90.9090909090909	80.0
48	1	test	class1_trainBatch3	33	class1_test	13	78.33333587646484	78.33333587646484	78.33333587646484	46.15384615384615	33.33333333333333
48	1	train	class1_trainBatch3	33	class1_test	13	93.57142639160156	93.57142639160156	93.57142639160156	63.63636363636363	71.42857142857143
48	2	test	class1_trainBatch3	33	class1_test	13	91.48351287841797	90.57691955566406	91.0	100.0	46.15384615384615
48	2	train	class1_trainBatch3	33	class1_test	13	97.532470703125	96.81818389892578	97.15150451660156	100.0	81.81818181818183
48	3	test	class1_trainBatch3	33	class1_test	13	95.96153259277344	95.96153259277344	95.96153259277344	100.0	76.92307692307693
48	3	train	class1_trainBatch3	33	class1_test	13	98.7662353515625	98.40908813476562	98.57575225830078	100.0	90.9090909090909
48	1	test	class1_trainBatch4	44	class1_test	13	94.17581939697266	93.26922607421875	93.69230651855469	100.0	61.53846153846154
48	1	train	class1_trainBatch4	44	class1_test	13	96.55844116210938	96.02273559570312	96.27273559570312	100.0	77.27272727272727
48	2	test	class1_trainBatch4	44	class1_test	13	96.86812591552734	95.96153259277344	96.38461303710938	100.0	76.92307692307693
48	2	train	class1_trainBatch4	44	class1_test	13	98.54707336425781	98.01136016845703	98.26136016845703	100.0	88.63636363636364
48	3	test	class1_trainBatch4	44	class1_test	13	96.86812591552734	95.96153259277344	96.38461303710938	100.0	76.92307692307693
48	3	train	class1_trainBatch4	44	class1_test	13	98.81492614746094	98.01136016845703	98.38636779785156	100.0	88.63636363636364
48	1	test	class1_trainBatch5	55	class1_test	13	96.86812591552734	95.96153259277344	96.38461303710938	100.0	76.92307692307693
48	1	train	class1_trainBatch5	55	class1_test	13	98.83766174316406	98.40909576416016	98.60909271240234	100.0	90.9090909090909
48	2	test	class1_trainBatch5	55	class1_test	13	96.86812591552734	95.96153259277344	96.38461303710938	100.0	76.92307692307693
48	2	train	class1_trainBatch5	55	class1_test	13	98.83766174316406	98.40909576416016	98.60909271240234	100.0	90.9090909090909
48	3	test	class1_trainBatch5	55	class1_test	13	96.86812591552734	95.96153259277344	96.38461303710938	100.0	76.92307692307693
48	3	train	class1_trainBatch5	55	class1_test	13	99.05194854736328	98.40909576416016	98.70909118652344	100.0	90.9090909090909
48	1	test	class1_trainBatch6	66	class1_test	13	97.30768585205078	97.30768585205078	97.30768585205078	100.0	84.61538461538461
48	1	train	class1_trainBatch6	66	class1_test	13	97.61363983154297	97.61363983154297	97.61363983154297	100.0	86.36363636363636
48	2	test	class1_trainBatch6	66	class1_test	13	100.0	100.0	100.0	100.0	100.0
48	2	train	class1_trainBatch6	66	class1_test	13	100.0	100.0	100.0	100.0	100.0
48	3	test	class1_trainBatch6	66	class1_test	13	100.0	100.0	100.0	100.0	100.0
48	3	train	class1_trainBatch6	66	class1_test	13	100.0	100.0	100.0	100.0	100.0
48	1	test	class1_trainBatch7	77	class1_test	13	100.0	100.0	100.0	100.0	100.0
48	1	train	class1_trainBatch7	77	class1_test	13	100.0	100.0	100.0	100.0	100.0
48	2	test	class1_trainBatch7	77	class1_test	13	100.0	100.0	100.0	100.0	100.0
48	2	train	class1_trainBatch7	77	class1_test	13	100.0	100.0	100.0	100.0	100.0
48	3	test	class1_trainBatch7	77	class1_test	13	100.0	100.0	100.0	100.0	100.0
48	3	train	class1_trainBatch7	77	class1_test	13	100.0	100.0	100.0	100.0	100.0
50	1	test	class1_trainBatch1	11	class1_test	13	NaN	NaN	NaN	0.0	NaN
50	1	train	class1_trainBatch1	11	class1_test	13	NaN	NaN	NaN	0.0	NaN
50	2	test	class1_trainBatch1	11	class1_test	13	82.50000762939453	82.50000762939453	82.50000762939453	7.6923076923076925	0.0
50	2	train	class1_trainBatch1	11	class1_test	13	90.35714721679688	90.35714721679688	90.35714721679688	63.63636363636363	57.14285714285714
50	3	test	class1_trainBatch1	11	class1_test	13	85.0	85.0	85.0	7.6923076923076925	0.0
50	3	train	class1_trainBatch1	11	class1_test	13	90.71429443359375	90.71429443359375	90.71429443359375	63.63636363636363	57.14285714285714
50	1	test	class1_trainBatch2	22	class1_test	13	82.50000762939453	82.50000762939453	82.50000762939453	30.76923076923077	0.0
50	1	train	class1_trainBatch2	22	class1_test	13	82.50000762939453	82.50000762939453	82.50000762939453	9.090909090909092	0.0
50	2	test	class1_trainBatch2	22	class1_test	13	85.83332824707031	85.83332824707031	85.83332824707031	46.15384615384615	33.33333333333333
50	2	train	class1_trainBatch2	22	class1_test	13	93.43749237060547	93.43749237060547	93.43749237060547	36.36363636363637	62.5
50	3	test	class1_trainBatch2	22	class1_test	13	87.3571548461914	85.0	86.10000610351562	76.92307692307693	30.0
50	3	train	class1_trainBatch2	22	class1_test	13	95.84586334228516	94.60525512695312	95.1842041015625	86.36363636363636	68.42105263157895
50	1	test	class1_trainBatch3	33	class1_test	13	75.0	75.0	75.0	30.76923076923077	0.0
50	1	train	class1_trainBatch3	33	class1_test	13	79.375	79.375	79.375	12.121212121212121	25.0
50	2	test	class1_trainBatch3	33	class1_test	13	85.35713195800781	85.35713195800781	85.35713195800781	53.84615384615385	28.57142857142857
50	2	train	class1_trainBatch3	33	class1_test	13	90.64935302734375	90.11363983154297	90.36363983154297	66.66666666666666	50.0
50	3	test	class1_trainBatch3	33	class1_test	13	90.79669952392578	88.07691192626953	89.34615325927734	100.0	30.76923076923077
50	3	train	class1_trainBatch3	33	class1_test	13	93.7013168334961	92.6298828125	93.12987518310547	100.0	57.57575757575758
50	1	test	class1_trainBatch4	44	class1_test	13	91.25	91.25	91.25	30.76923076923077	50.0
50	1	train	class1_trainBatch4	44	class1_test	13	93.0	93.0	93.0	11.363636363636363	60.0
50	2	test	class1_trainBatch4	44	class1_test	13	92.50000762939453	92.50000762939453	92.50000762939453	53.84615384615385	57.14285714285714
50	2	train	class1_trainBatch4	44	class1_test	13	93.24075317382812	93.24075317382812	93.24075317382812	61.36363636363637	66.66666666666666
50	3	test	class1_trainBatch4	44	class1_test	13	96.15384674072266	96.15384674072266	96.15384674072266	100.0	76.92307692307693
50	3	train	class1_trainBatch4	44	class1_test	13	95.38148498535156	95.38148498535156	95.38148498535156	100.0	77.27272727272727
50	1	test	class1_trainBatch5	55	class1_test	13	91.25	91.25	91.25	30.76923076923077	50.0
50	1	train	class1_trainBatch5	55	class1_test	13	94.16666412353516	94.16666412353516	94.16666412353516	10.909090909090908	66.66666666666666
50	2	test	class1_trainBatch5	55	class1_test	13	93.26922607421875	93.26922607421875	93.26922607421875	100.0	61.53846153846154
50	2	train	class1_trainBatch5	55	class1_test	13	94.90001678466797	95.11429595947266	95.00000762939453	90.9090909090909	74.0
50	3	test	class1_trainBatch5	55	class1_test	13	100.0	100.0	100.0	100.0	100.0
50	3	train	class1_trainBatch5	55	class1_test	13	99.04546356201172	99.04546356201172	99.04546356201172	100.0	94.54545454545455
50	1	test	class1_trainBatch6	66	class1_test	13	91.25000762939453	91.25000762939453	91.25000762939453	46.15384615384615	50.0
50	1	train	class1_trainBatch6	66	class1_test	13	94.99999237060547	94.99999237060547	94.99999237060547	21.21212121212121	71.42857142857143
50	2	test	class1_trainBatch6	66	class1_test	13	98.65384674072266	98.65384674072266	98.65384674072266	100.0	92.3076923076923
50	2	train	class1_trainBatch6	66	class1_test	13	98.54167175292969	98.54167175292969	98.54167175292969	90.9090909090909	91.66666666666666
50	3	test	class1_trainBatch6	66	class1_test	13	100.0	100.0	100.0	100.0	100.0
50	3	train	class1_trainBatch6	66	class1_test	13	100.0	100.0	100.0	100.0	100.0
50	1	test	class1_trainBatch7	77	class1_test	13	82.5	82.5	82.5	46.15384615384615	0.0
50	1	train	class1_trainBatch7	77	class1_test	13	90.92593383789062	90.92593383789062	90.92593383789062	35.064935064935064	48.148148148148145
50	2	test	class1_trainBatch7	77	class1_test	13	94.61538696289062	94.61538696289062	94.61538696289062	100.0	69.23076923076923
50	2	train	class1_trainBatch7	77	class1_test	13	97.7272720336914	97.7272720336914	97.7272720336914	100.0	87.01298701298701
50	3	test	class1_trainBatch7	77	class1_test	13	100.0	100.0	100.0	100.0	100.0
50	3	train	class1_trainBatch7	77	class1_test	13	100.0	100.0	100.0	100.0	100.0
50	1	test	class1_trainBatch8	88	class1_test	13	82.5	82.5	82.5	46.15384615384615	0.0
50	1	train	class1_trainBatch8	88	class1_test	13	89.59461212158203	89.59461212158203	89.59461212158203	42.04545454545455	40.54054054054054
50	2	test	class1_trainBatch8	88	class1_test	13	100.0	100.0	100.0	100.0	100.0
50	2	train	class1_trainBatch8	88	class1_test	13	98.40908813476562	98.40908813476562	98.40908813476562	100.0	90.9090909090909
50	3	test	class1_trainBatch8	88	class1_test	13	100.0	100.0	100.0	100.0	100.0
50	3	train	class1_trainBatch8	88	class1_test	13	100.0	100.0	100.0	100.0	100.0
52	1	test	class1_trainBatch1	11	class1_test	13	91.25	91.25	91.25	15.384615384615385	50.0
52	1	train	class1_trainBatch1	11	class1_test	13	82.50000762939453	82.50000762939453	82.50000762939453	18.181818181818183	0.0
52	2	test	class1_trainBatch1	11	class1_test	13	91.25	91.25	91.25	15.384615384615385	50.0
52	2	train	class1_trainBatch1	11	class1_test	13	88.85714721679688	88.85714721679688	88.85714721679688	45.45454545454545	40.0
52	3	test	class1_trainBatch1	11	class1_test	13	86.0714340209961	86.0714340209961	86.0714340209961	30.76923076923077	25.0
52	3	train	class1_trainBatch1	11	class1_test	13	93.43750762939453	93.43750762939453	93.43750762939453	72.72727272727273	62.5
52	1	test	class1_trainBatch2	22	class1_test	13	94.16666412353516	94.16666412353516	94.16666412353516	23.076923076923077	66.66666666666666
52	1	train	class1_trainBatch2	22	class1_test	13	82.50000762939453	82.50000762939453	82.50000762939453	9.090909090909092	0.0
52	2	test	class1_trainBatch2	22	class1_test	13	85.35713195800781	85.35713195800781	85.35713195800781	53.84615384615385	28.57142857142857
52	2	train	class1_trainBatch2	22	class1_test	13	78.21429443359375	78.21429443359375	78.21429443359375	31.818181818181817	0.0
52	3	test	class1_trainBatch2	22	class1_test	13	87.6785659790039	87.6785659790039	87.6785659790039	76.92307692307693	40.0
52	3	train	class1_trainBatch2	22	class1_test	13	91.05262756347656	90.43234252929688	90.72181701660156	86.36363636363636	42.10526315789473
52	1	test	class1_trainBatch3	33	class1_test	13	94.16665649414062	94.16665649414062	94.16665649414062	46.15384615384615	66.66666666666666
52	1	train	class1_trainBatch3	33	class1_test	13	91.25	91.25	91.25	24.242424242424242	50.0
52	2	test	class1_trainBatch3	33	class1_test	13	91.5625	91.5625	91.5625	61.53846153846154	62.5
52	2	train	class1_trainBatch3	33	class1_test	13	88.75	88.75	88.75	36.36363636363637	50.0
52	3	test	class1_trainBatch3	33	class1_test	13	89.36812591552734	89.36812591552734	89.36812591552734	100.0	53.84615384615385
52	3	train	class1_trainBatch3	33	class1_test	13	91.67195892333984	90.75001525878906	91.16340637207031	90.9090909090909	50.0
52	1	test	class1_trainBatch4	44	class1_test	13	100.0	100.0	100.0	53.84615384615385	100.0
52	1	train	class1_trainBatch4	44	class1_test	13	100.0	100.0	100.0	34.090909090909086	100.0
52	2	test	class1_trainBatch4	44	class1_test	13	100.0	100.0	100.0	53.84615384615385	100.0
52	2	train	class1_trainBatch4	44	class1_test	13	100.0	100.0	100.0	56.81818181818182	100.0
52	3	test	class1_trainBatch4	44	class1_test	13	95.16233825683594	95.16233825683594	95.16233825683594	84.61538461538461	81.81818181818183
52	3	train	class1_trainBatch4	44	class1_test	13	98.66963958740234	98.66963958740234	98.66963958740234	90.9090909090909	95.0
52	1	test	class1_trainBatch5	55	class1_test	13	100.0	100.0	100.0	53.84615384615385	100.0
52	1	train	class1_trainBatch5	55	class1_test	13	100.0	100.0	100.0	60.0	100.0
52	2	test	class1_trainBatch5	55	class1_test	13	100.0	100.0	100.0	100.0	100.0
52	2	train	class1_trainBatch5	55	class1_test	13	100.0	100.0	100.0	100.0	100.0
52	3	test	class1_trainBatch5	55	class1_test	13	100.0	100.0	100.0	100.0	100.0
52	3	train	class1_trainBatch5	55	class1_test	13	100.0	100.0	100.0	100.0	100.0
52	1	test	class1_trainBatch6	66	class1_test	13	100.0	100.0	100.0	69.23076923076923	100.0
52	1	train	class1_trainBatch6	66	class1_test	13	100.0	100.0	100.0	81.81818181818183	100.0
52	2	test	class1_trainBatch6	66	class1_test	13	100.0	100.0	100.0	100.0	100.0
52	2	train	class1_trainBatch6	66	class1_test	13	100.0	100.0	100.0	100.0	100.0
52	3	test	class1_trainBatch6	66	class1_test	13	100.0	100.0	100.0	100.0	100.0
52	3	train	class1_trainBatch6	66	class1_test	13	100.0	100.0	100.0	100.0	100.0
52	1	test	class1_trainBatch7	77	class1_test	13	100.0	100.0	100.0	69.23076923076923	100.0
52	1	train	class1_trainBatch7	77	class1_test	13	100.0	100.0	100.0	80.51948051948052	100.0
52	2	test	class1_trainBatch7	77	class1_test	13	100.0	100.0	100.0	100.0	100.0
52	2	train	class1_trainBatch7	77	class1_test	13	100.0	100.0	100.0	100.0	100.0
52	3	test	class1_trainBatch7	77	class1_test	13	100.0	100.0	100.0	100.0	100.0
52	3	train	class1_trainBatch7	77	class1_test	13	100.0	100.0	100.0	100.0	100.0
52	1	test	class1_trainBatch8	88	class1_test	13	100.0	100.0	100.0	69.23076923076923	100.0
52	1	train	class1_trainBatch8	88	class1_test	13	100.0	100.0	100.0	78.4090909090909	100.0
52	2	test	class1_trainBatch8	88	class1_test	13	100.0	100.0	100.0	100.0	100.0
52	2	train	class1_trainBatch8	88	class1_test	13	100.0	100.0	100.0	100.0	100.0
52	3	test	class1_trainBatch8	88	class1_test	13	100.0	100.0	100.0	100.0	100.0
52	3	train	class1_trainBatch8	88	class1_test	13	100.0	100.0	100.0	100.0	100.0
56	1	test	class1_trainBatch1	11	class1_test	13	NaN	NaN	NaN	0.0	NaN
56	1	train	class1_trainBatch1	11	class1_test	13	NaN	NaN	NaN	0.0	NaN
56	2	test	class1_trainBatch1	11	class1_test	13	78.33332824707031	78.33332824707031	78.33332824707031	23.076923076923077	33.33333333333333
56	2	train	class1_trainBatch1	11	class1_test	13	90.0	90.0	90.0	45.45454545454545	60.0
56	3	test	class1_trainBatch1	11	class1_test	13	84.09090423583984	82.14285278320312	83.05194854736328	84.61538461538461	9.090909090909092
56	3	train	class1_trainBatch1	11	class1_test	13	89.15583801269531	86.13636779785156	87.54545593261719	100.0	36.36363636363637
56	1	test	class1_trainBatch2	22	class1_test	13	88.33333587646484	88.33333587646484	88.33333587646484	23.076923076923077	33.33333333333333
56	1	train	class1_trainBatch2	22	class1_test	13	90.86734771728516	87.5	89.0714340209961	31.818181818181817	28.57142857142857
56	2	test	class1_trainBatch2	22	class1_test	13	92.49999237060547	89.73213958740234	91.02381134033203	92.3076923076923	50.0
56	2	train	class1_trainBatch2	22	class1_test	13	95.50000762939453	93.83929443359375	94.61428833007812	90.9090909090909	70.0
56	3	test	class1_trainBatch2	22	class1_test	13	95.96153259277344	95.96153259277344	95.96153259277344	100.0	76.92307692307693
56	3	train	class1_trainBatch2	22	class1_test	13	97.6136245727539	97.6136245727539	97.6136245727539	100.0	86.36363636363636
56	1	test	class1_trainBatch3	33	class1_test	13	92.72321319580078	91.25	91.93749237060547	61.53846153846154	50.0
56	1	train	class1_trainBatch3	33	class1_test	13	97.88961029052734	96.81817626953125	97.31817626953125	66.66666666666666	81.81818181818183
56	2	test	class1_trainBatch3	33	class1_test	13	100.0	100.0	100.0	84.61538461538461	100.0
56	2	train	class1_trainBatch3	33	class1_test	13	98.79310607910156	98.79310607910156	98.79310607910156	87.87878787878788	93.10344827586206
56	3	test	class1_trainBatch3	33	class1_test	13	100.0	100.0	100.0	100.0	100.0
56	3	train	class1_trainBatch3	33	class1_test	13	100.0	100.0	100.0	100.0	100.0
56	1	test	class1_trainBatch4	44	class1_test	13	98.65384674072266	98.65384674072266	98.65384674072266	100.0	92.3076923076923
56	1	train	class1_trainBatch4	44	class1_test	13	98.01136016845703	98.01136016845703	98.01136016845703	100.0	88.63636363636364
56	2	test	class1_trainBatch4	44	class1_test	13	100.0	100.0	100.0	100.0	100.0
56	2	train	class1_trainBatch4	44	class1_test	13	100.0	100.0	100.0	100.0	100.0
56	3	test	class1_trainBatch4	44	class1_test	13	100.0	100.0	100.0	100.0	100.0
56	3	train	class1_trainBatch4	44	class1_test	13	100.0	100.0	100.0	100.0	100.0
56	1	test	class1_trainBatch5	55	class1_test	13	98.65384674072266	98.65384674072266	98.65384674072266	100.0	92.3076923076923
56	1	train	class1_trainBatch5	55	class1_test	13	97.45454406738281	97.45454406738281	97.45454406738281	100.0	85.45454545454545
56	2	test	class1_trainBatch5	55	class1_test	13	100.0	100.0	100.0	100.0	100.0
56	2	train	class1_trainBatch5	55	class1_test	13	100.0	100.0	100.0	100.0	100.0
56	3	test	class1_trainBatch5	55	class1_test	13	100.0	100.0	100.0	100.0	100.0
56	3	train	class1_trainBatch5	55	class1_test	13	100.0	100.0	100.0	100.0	100.0
56	1	test	class1_trainBatch6	66	class1_test	13	100.0	100.0	100.0	100.0	100.0
56	1	train	class1_trainBatch6	66	class1_test	13	100.0	100.0	100.0	100.0	100.0
56	2	test	class1_trainBatch6	66	class1_test	13	100.0	100.0	100.0	100.0	100.0
56	2	train	class1_trainBatch6	66	class1_test	13	100.0	100.0	100.0	100.0	100.0
56	3	test	class1_trainBatch6	66	class1_test	13	100.0	100.0	100.0	100.0	100.0
56	3	train	class1_trainBatch6	66	class1_test	13	100.0	100.0	100.0	100.0	100.0
