46	1	test	train	9	class1-Adj_test	15	NaN	NaN	NaN	0.0	NaN
46	1	train	train	9	class1-Adj_test	15	100.0	100.0	100.0	11.11111111111111	100.0
46	2	test	train	9	class1-Adj_test	15	88.39286804199219	82.50000762939453	85.25000762939453	13.333333333333334	0.0
46	2	train	train	9	class1-Adj_test	15	88.35714721679688	86.0	87.10001373291016	55.55555555555556	20.0
46	3	test	train	9	class1-Adj_test	15	94.1964340209961	91.25	92.62500762939453	26.666666666666668	50.0
46	3	train	train	9	class1-Adj_test	15	97.08332824707031	97.08332824707031	97.08332824707031	66.66666666666666	83.33333333333334
46	1	test	train	18	class1-Adj_test	15	89.46427917480469	87.5	88.41667175292969	80.0	50.0
46	1	train	train	18	class1-Adj_test	15	96.23949432373047	94.85294342041016	95.50000762939453	94.44444444444444	70.58823529411765
46	2	test	train	18	class1-Adj_test	15	92.39009857177734	90.57691955566406	91.4230728149414	86.66666666666667	46.15384615384615
46	2	train	train	18	class1-Adj_test	15	96.93277740478516	94.85294342041016	95.82353210449219	94.44444444444444	70.58823529411765
46	3	test	train	18	class1-Adj_test	15	94.19047546386719	91.83332824707031	92.93333435058594	100.0	53.333333333333336
46	3	train	train	18	class1-Adj_test	15	98.07540130615234	96.1111068725586	97.02777862548828	100.0	77.77777777777779
46	1	test	train	27	class1-Adj_test	15	98.54166412353516	98.54166412353516	98.54166412353516	80.0	91.66666666666666
46	1	train	train	27	class1-Adj_test	15	98.21428680419922	97.30768585205078	97.73075866699219	96.29629629629629	84.61538461538461
46	2	test	train	27	class1-Adj_test	15	98.65384674072266	98.65384674072266	98.65384674072266	86.66666666666667	92.3076923076923
46	2	train	train	27	class1-Adj_test	15	98.21428680419922	97.30768585205078	97.73075866699219	96.29629629629629	84.61538461538461
46	3	test	train	27	class1-Adj_test	15	98.83333587646484	98.83333587646484	98.83333587646484	100.0	93.33333333333333
46	3	train	train	27	class1-Adj_test	15	98.92857360839844	98.05555725097656	98.46295928955078	100.0	88.88888888888889
46	1	test	train	36	class1-Adj_test	15	100.0	100.0	100.0	100.0	100.0
46	1	train	train	36	class1-Adj_test	15	100.0	100.0	100.0	100.0	100.0
46	2	test	train	36	class1-Adj_test	15	100.0	100.0	100.0	100.0	100.0
46	2	train	train	36	class1-Adj_test	15	100.0	100.0	100.0	100.0	100.0
46	3	test	train	36	class1-Adj_test	15	100.0	100.0	100.0	100.0	100.0
46	3	train	train	36	class1-Adj_test	15	100.0	100.0	100.0	100.0	100.0
48	1	test	train	9	class1-Adj_test	15	82.50000762939453	82.50000762939453	82.50000762939453	6.666666666666667	0.0
48	1	train	train	9	class1-Adj_test	15	NaN	NaN	NaN	0.0	NaN
48	2	test	train	9	class1-Adj_test	15	80.89286041259766	75.0	77.75	13.333333333333334	0.0
48	2	train	train	9	class1-Adj_test	15	NaN	NaN	NaN	0.0	NaN
48	3	test	train	9	class1-Adj_test	15	84.03175354003906	83.00000762939453	83.41177368164062	66.66666666666666	0.0
48	3	train	train	9	class1-Adj_test	15	88.33333587646484	88.33333587646484	88.33333587646484	66.66666666666666	16.666666666666664
48	1	test	train	18	class1-Adj_test	15	67.5	67.5	67.5	6.666666666666667	0.0
48	1	train	train	18	class1-Adj_test	15	NaN	NaN	NaN	0.0	NaN
48	2	test	train	18	class1-Adj_test	15	81.2202377319336	80.41666412353516	80.79166412353516	80.0	16.666666666666664
48	2	train	train	18	class1-Adj_test	15	86.92306518554688	86.92306518554688	86.92306518554688	72.22222222222221	38.46153846153847
48	3	test	train	18	class1-Adj_test	15	90.8035659790039	86.87499237060547	88.70833587646484	80.0	25.0
48	3	train	train	18	class1-Adj_test	15	95.5769271850586	92.1153793334961	93.73077392578125	72.22222222222221	61.53846153846154
48	1	test	train	27	class1-Adj_test	15	82.50000762939453	82.50000762939453	82.50000762939453	6.666666666666667	0.0
48	1	train	train	27	class1-Adj_test	15	NaN	NaN	NaN	0.0	NaN
48	2	test	train	27	class1-Adj_test	15	87.08333587646484	87.08333587646484	87.08333587646484	80.0	33.33333333333333
48	2	train	train	27	class1-Adj_test	15	91.07142639160156	91.07142639160156	91.07142639160156	77.77777777777779	57.14285714285714
48	3	test	train	27	class1-Adj_test	15	94.1964340209961	91.25	92.62500762939453	80.0	50.0
48	3	train	train	27	class1-Adj_test	15	96.13945770263672	93.33333587646484	94.64286041259766	77.77777777777779	61.904761904761905
48	1	test	train	36	class1-Adj_test	15	100.0	100.0	100.0	6.666666666666667	100.0
48	1	train	train	36	class1-Adj_test	15	NaN	NaN	NaN	0.0	NaN
48	2	test	train	36	class1-Adj_test	15	98.54166412353516	98.54166412353516	98.54166412353516	80.0	91.66666666666666
48	2	train	train	36	class1-Adj_test	15	98.60838317871094	96.9827651977539	97.74137115478516	80.55555555555556	82.75862068965517
48	3	test	train	36	class1-Adj_test	15	100.0	100.0	100.0	80.0	100.0
48	3	train	train	36	class1-Adj_test	15	100.0	100.0	100.0	80.55555555555556	100.0
48	1	test	train	45	class1-Adj_test	15	100.0	100.0	100.0	6.666666666666667	100.0
48	1	train	train	45	class1-Adj_test	15	100.0	100.0	100.0	11.11111111111111	100.0
48	2	test	train	45	class1-Adj_test	15	98.83333587646484	98.83333587646484	98.83333587646484	100.0	93.33333333333333
48	2	train	train	45	class1-Adj_test	15	98.71427917480469	97.66667175292969	98.15555572509766	100.0	86.66666666666667
48	3	test	train	45	class1-Adj_test	15	100.0	100.0	100.0	100.0	100.0
48	3	train	train	45	class1-Adj_test	15	100.0	100.0	100.0	100.0	100.0
48	1	test	train	54	class1-Adj_test	15	100.0	100.0	100.0	20.0	100.0
48	1	train	train	54	class1-Adj_test	15	100.0	100.0	100.0	38.88888888888889	100.0
48	2	test	train	54	class1-Adj_test	15	100.0	100.0	100.0	100.0	100.0
48	2	train	train	54	class1-Adj_test	15	100.0	100.0	100.0	100.0	100.0
48	3	test	train	54	class1-Adj_test	15	100.0	100.0	100.0	100.0	100.0
48	3	train	train	54	class1-Adj_test	15	100.0	100.0	100.0	100.0	100.0
48	1	test	train	63	class1-Adj_test	15	100.0	100.0	100.0	20.0	100.0
48	1	train	train	63	class1-Adj_test	15	100.0	100.0	100.0	36.507936507936506	100.0
48	2	test	train	63	class1-Adj_test	15	100.0	100.0	100.0	100.0	100.0
48	2	train	train	63	class1-Adj_test	15	100.0	100.0	100.0	100.0	100.0
48	3	test	train	63	class1-Adj_test	15	100.0	100.0	100.0	100.0	100.0
48	3	train	train	63	class1-Adj_test	15	100.0	100.0	100.0	100.0	100.0
48	1	test	train	72	class1-Adj_test	15	100.0	100.0	100.0	46.666666666666664	100.0
48	1	train	train	72	class1-Adj_test	15	100.0	100.0	100.0	72.22222222222221	100.0
48	2	test	train	72	class1-Adj_test	15	100.0	100.0	100.0	100.0	100.0
48	2	train	train	72	class1-Adj_test	15	100.0	100.0	100.0	100.0	100.0
48	3	test	train	72	class1-Adj_test	15	100.0	100.0	100.0	100.0	100.0
48	3	train	train	72	class1-Adj_test	15	100.0	100.0	100.0	100.0	100.0
50	1	test	train	9	class1-Adj_test	15	NaN	NaN	NaN	0.0	NaN
50	1	train	train	9	class1-Adj_test	15	88.33333587646484	88.33333587646484	88.33333587646484	33.33333333333333	33.33333333333333
50	2	test	train	9	class1-Adj_test	15	82.50000762939453	82.50000762939453	82.50000762939453	13.333333333333334	0.0
50	2	train	train	9	class1-Adj_test	15	96.19048309326172	88.33333587646484	92.00000762939453	33.33333333333333	33.33333333333333
50	3	test	train	9	class1-Adj_test	15	93.27381134033203	91.66667175292969	92.41667175292969	40.0	66.66666666666666
50	3	train	train	9	class1-Adj_test	15	94.84127807617188	92.22222900390625	93.44444274902344	100.0	55.55555555555556
50	1	test	train	18	class1-Adj_test	15	95.625	95.625	95.625	26.666666666666668	75.0
50	1	train	train	18	class1-Adj_test	15	92.5	92.5	92.5	77.77777777777779	57.14285714285714
50	2	test	train	18	class1-Adj_test	15	86.78571319580078	85.90908813476562	86.31818389892578	73.33333333333333	27.27272727272727
50	2	train	train	18	class1-Adj_test	15	94.20634460449219	90.27777862548828	92.11111450195312	100.0	44.44444444444444
50	3	test	train	18	class1-Adj_test	15	96.63689422607422	95.83332824707031	96.20833587646484	80.0	83.33333333333334
50	3	train	train	18	class1-Adj_test	15	96.78571319580078	94.16667175292969	95.38888549804688	100.0	66.66666666666666
50	1	test	train	27	class1-Adj_test	15	95.0	95.0	95.0	46.666666666666664	71.42857142857143
50	1	train	train	27	class1-Adj_test	15	96.5	96.5	96.5	92.5925925925926	80.0
50	2	test	train	27	class1-Adj_test	15	90.43366241455078	88.74999237060547	89.53571319580078	93.33333333333333	35.714285714285715
50	2	train	train	27	class1-Adj_test	15	96.77249145507812	95.46296691894531	96.0740737915039	100.0	74.07407407407408
50	3	test	train	27	class1-Adj_test	15	98.83333587646484	98.83333587646484	98.83333587646484	100.0	93.33333333333333
50	3	train	train	27	class1-Adj_test	15	99.35185241699219	99.35185241699219	99.35185241699219	100.0	96.29629629629629
50	1	test	train	36	class1-Adj_test	15	100.0	100.0	100.0	100.0	100.0
50	1	train	train	36	class1-Adj_test	15	100.0	100.0	100.0	100.0	100.0
50	2	test	train	36	class1-Adj_test	15	100.0	100.0	100.0	100.0	100.0
50	2	train	train	36	class1-Adj_test	15	100.0	100.0	100.0	100.0	100.0
50	3	test	train	36	class1-Adj_test	15	100.0	100.0	100.0	100.0	100.0
50	3	train	train	36	class1-Adj_test	15	100.0	100.0	100.0	100.0	100.0
52	1	test	train	9	class1-Adj_test	15	67.5	67.5	67.5	6.666666666666667	0.0
52	1	train	train	9	class1-Adj_test	15	67.5	67.5	67.5	11.11111111111111	0.0
52	2	test	train	9	class1-Adj_test	15	77.14286041259766	67.5	72.0	13.333333333333334	0.0
52	2	train	train	9	class1-Adj_test	15	86.54762268066406	83.33332824707031	84.83333587646484	33.33333333333333	33.33333333333333
52	3	test	train	9	class1-Adj_test	15	88.52041625976562	80.71427917480469	84.35713958740234	46.666666666666664	14.285714285714285
52	3	train	train	9	class1-Adj_test	15	92.8125	87.18750762939453	89.81250762939453	88.88888888888889	37.5
52	1	test	train	18	class1-Adj_test	15	84.40476989746094	83.33332824707031	83.83333587646484	60.0	33.33333333333333
52	1	train	train	18	class1-Adj_test	15	88.015869140625	86.94444274902344	87.44444274902344	50.0	44.44444444444444
52	2	test	train	18	class1-Adj_test	15	88.10440063476562	80.76922607421875	84.19231414794922	86.66666666666667	23.076923076923077
52	2	train	train	18	class1-Adj_test	15	90.38095092773438	85.16666412353516	87.60000610351562	83.33333333333334	26.666666666666668
52	3	test	train	18	class1-Adj_test	15	89.66667175292969	83.16667175292969	86.20001220703125	100.0	26.666666666666668
52	3	train	train	18	class1-Adj_test	15	95.19840240478516	91.38887786865234	93.16666412353516	100.0	55.55555555555556
52	1	test	train	27	class1-Adj_test	15	85.16666412353516	85.16666412353516	85.16666412353516	100.0	26.666666666666668
52	1	train	train	27	class1-Adj_test	15	92.3148193359375	92.3148193359375	92.3148193359375	100.0	59.25925925925925
52	2	test	train	27	class1-Adj_test	15	93.78570556640625	93.0	93.36666107177734	100.0	60.0
52	2	train	train	27	class1-Adj_test	15	96.56085205078125	94.8148193359375	95.62962341308594	100.0	70.37037037037037
52	3	test	train	27	class1-Adj_test	15	100.0	100.0	100.0	100.0	100.0
52	3	train	train	27	class1-Adj_test	15	100.0	100.0	100.0	100.0	100.0
52	1	test	train	36	class1-Adj_test	15	95.33332824707031	95.33332824707031	95.33332824707031	100.0	73.33333333333333
52	1	train	train	36	class1-Adj_test	15	98.05555725097656	98.05555725097656	98.05555725097656	100.0	88.88888888888889
52	2	test	train	36	class1-Adj_test	15	96.11904907226562	95.33332824707031	95.70000457763672	100.0	73.33333333333333
52	2	train	train	36	class1-Adj_test	15	98.71031951904297	98.05555725097656	98.36109924316406	100.0	88.88888888888889
52	3	test	train	36	class1-Adj_test	15	100.0	100.0	100.0	100.0	100.0
52	3	train	train	36	class1-Adj_test	15	100.0	100.0	100.0	100.0	100.0
52	1	test	train	45	class1-Adj_test	15	95.33332824707031	95.33332824707031	95.33332824707031	100.0	73.33333333333333
52	1	train	train	45	class1-Adj_test	15	98.44444274902344	98.44444274902344	98.44444274902344	100.0	91.11111111111111
52	2	test	train	45	class1-Adj_test	15	96.11904907226562	95.33332824707031	95.70000457763672	100.0	73.33333333333333
52	2	train	train	45	class1-Adj_test	15	98.96824645996094	98.44444274902344	98.68888092041016	100.0	91.11111111111111
52	3	test	train	45	class1-Adj_test	15	100.0	100.0	100.0	100.0	100.0
52	3	train	train	45	class1-Adj_test	15	100.0	100.0	100.0	100.0	100.0
52	1	test	train	54	class1-Adj_test	15	95.33332824707031	95.33332824707031	95.33332824707031	100.0	73.33333333333333
52	1	train	train	54	class1-Adj_test	15	98.70369720458984	98.70369720458984	98.70369720458984	100.0	92.5925925925926
52	2	test	train	54	class1-Adj_test	15	96.11904907226562	95.33332824707031	95.70000457763672	100.0	73.33333333333333
52	2	train	train	54	class1-Adj_test	15	99.14020538330078	98.70369720458984	98.90740203857422	100.0	92.5925925925926
52	3	test	train	54	class1-Adj_test	15	100.0	100.0	100.0	100.0	100.0
52	3	train	train	54	class1-Adj_test	15	100.0	100.0	100.0	100.0	100.0
52	1	test	train	63	class1-Adj_test	15	100.0	100.0	100.0	100.0	100.0
52	1	train	train	63	class1-Adj_test	15	100.0	100.0	100.0	100.0	100.0
52	2	test	train	63	class1-Adj_test	15	100.0	100.0	100.0	100.0	100.0
52	2	train	train	63	class1-Adj_test	15	100.0	100.0	100.0	100.0	100.0
52	3	test	train	63	class1-Adj_test	15	100.0	100.0	100.0	100.0	100.0
52	3	train	train	63	class1-Adj_test	15	100.0	100.0	100.0	100.0	100.0
56	1	test	train	9	class1-Adj_test	15	NaN	NaN	NaN	0.0	NaN
56	1	train	train	9	class1-Adj_test	15	NaN	NaN	NaN	0.0	NaN
56	2	test	train	9	class1-Adj_test	15	82.50000762939453	82.50000762939453	82.50000762939453	6.666666666666667	0.0
56	2	train	train	9	class1-Adj_test	15	82.50000762939453	82.50000762939453	82.50000762939453	22.22222222222222	0.0
56	3	test	train	9	class1-Adj_test	15	91.25	91.25	91.25	13.333333333333334	50.0
56	3	train	train	9	class1-Adj_test	15	100.0	100.0	100.0	22.22222222222222	100.0
56	1	test	train	18	class1-Adj_test	15	94.28572082519531	82.50000762939453	88.00000762939453	6.666666666666667	0.0
56	1	train	train	18	class1-Adj_test	15	94.28572082519531	82.50000762939453	88.00000762939453	5.555555555555555	0.0
56	2	test	train	18	class1-Adj_test	15	92.72322082519531	91.25	91.93750762939453	53.333333333333336	50.0
56	2	train	train	18	class1-Adj_test	15	94.19642639160156	91.25	92.625	44.44444444444444	50.0
56	3	test	train	18	class1-Adj_test	15	96.5	96.5	96.5	66.66666666666666	80.0
56	3	train	train	18	class1-Adj_test	15	95.92857360839844	94.75000762939453	95.30000305175781	55.55555555555556	70.0
56	1	test	train	27	class1-Adj_test	15	83.75	83.75	83.75	26.666666666666668	50.0
56	1	train	train	27	class1-Adj_test	15	100.0	100.0	100.0	11.11111111111111	100.0
56	2	test	train	27	class1-Adj_test	15	93.05554962158203	94.6153793334961	93.78958892822266	86.66666666666667	61.53846153846154
56	2	train	train	27	class1-Adj_test	15	100.0	100.0	100.0	77.77777777777779	100.0
56	3	test	train	27	class1-Adj_test	15	94.57142639160156	93.0	93.73333740234375	100.0	60.0
56	3	train	train	27	class1-Adj_test	15	98.94181060791016	96.75926208496094	97.77777099609375	100.0	81.48148148148148
56	1	test	train	36	class1-Adj_test	15	94.99999237060547	94.99999237060547	94.99999237060547	46.666666666666664	71.42857142857143
56	1	train	train	36	class1-Adj_test	15	97.93367004394531	96.25	97.03571319580078	38.88888888888889	78.57142857142857
56	2	test	train	36	class1-Adj_test	15	94.59259033203125	95.33332824707031	94.94117736816406	100.0	66.66666666666666
56	2	train	train	36	class1-Adj_test	15	98.14704895019531	98.0555648803711	98.06291961669922	100.0	86.11111111111111
56	3	test	train	36	class1-Adj_test	15	96.1190414428711	95.33332824707031	95.69999694824219	100.0	73.33333333333333
56	3	train	train	36	class1-Adj_test	15	98.71031951904297	98.0555648803711	98.36112213134766	100.0	88.88888888888889
56	1	test	train	45	class1-Adj_test	15	100.0	100.0	100.0	60.0	100.0
56	1	train	train	45	class1-Adj_test	15	100.0	100.0	100.0	55.55555555555556	100.0
56	2	test	train	45	class1-Adj_test	15	98.51852416992188	100.0	99.21568298339844	100.0	86.66666666666667
56	2	train	train	45	class1-Adj_test	15	99.0123519897461	100.0	99.47712707519531	100.0	91.11111111111111
56	3	test	train	45	class1-Adj_test	15	100.0	100.0	100.0	100.0	100.0
56	3	train	train	45	class1-Adj_test	15	100.0	100.0	100.0	100.0	100.0
56	1	test	train	54	class1-Adj_test	15	100.0	100.0	100.0	60.0	100.0
56	1	train	train	54	class1-Adj_test	15	100.0	100.0	100.0	53.70370370370371	100.0
56	2	test	train	54	class1-Adj_test	15	98.51852416992188	100.0	99.21568298339844	100.0	86.66666666666667
56	2	train	train	54	class1-Adj_test	15	99.17695617675781	100.0	99.56427764892578	100.0	92.5925925925926
56	3	test	train	54	class1-Adj_test	15	100.0	100.0	100.0	100.0	100.0
56	3	train	train	54	class1-Adj_test	15	100.0	100.0	100.0	100.0	100.0
56	1	test	train	63	class1-Adj_test	15	100.0	100.0	100.0	46.666666666666664	100.0
56	1	train	train	63	class1-Adj_test	15	100.0	100.0	100.0	26.984126984126984	100.0
56	2	test	train	63	class1-Adj_test	15	100.0	100.0	100.0	100.0	100.0
56	2	train	train	63	class1-Adj_test	15	100.0	100.0	100.0	100.0	100.0
56	3	test	train	63	class1-Adj_test	15	100.0	100.0	100.0	100.0	100.0
56	3	train	train	63	class1-Adj_test	15	100.0	100.0	100.0	100.0	100.0
56	1	test	train	72	class1-Adj_test	15	100.0	100.0	100.0	46.666666666666664	100.0
56	1	train	train	72	class1-Adj_test	15	100.0	100.0	100.0	29.166666666666668	100.0
56	2	test	train	72	class1-Adj_test	15	100.0	100.0	100.0	100.0	100.0
56	2	train	train	72	class1-Adj_test	15	100.0	100.0	100.0	100.0	100.0
56	3	test	train	72	class1-Adj_test	15	100.0	100.0	100.0	100.0	100.0
56	3	train	train	72	class1-Adj_test	15	100.0	100.0	100.0	100.0	100.0
