49	1	test	c2_trainBatch1	12	c2_test	12	NaN	NaN	NaN	0.0	NaN
49	1	train	c2_trainBatch1	12	c2_test	12	NaN	NaN	NaN	0.0	NaN
49	2	test	c2_trainBatch1	12	c2_test	12	68.46154022216797	63.5714225769043	65.92591857910156	8.333333333333332	0.0
49	2	train	c2_trainBatch1	12	c2_test	12	85.3846206665039	79.28572082519531	82.22222137451172	8.333333333333332	0.0
49	3	test	c2_trainBatch1	12	c2_test	12	81.12637329101562	79.13920593261719	80.09598541259766	25.0	0.0
49	3	train	c2_trainBatch1	12	c2_test	12	71.58654022216797	69.1964340209961	70.34722900390625	33.33333333333333	25.0
49	1	test	c2_trainBatch2	24	c2_test	12	NaN	NaN	NaN	0.0	NaN
49	1	train	c2_trainBatch2	24	c2_test	12	NaN	NaN	NaN	0.0	NaN
49	2	test	c2_trainBatch2	24	c2_test	12	NaN	NaN	NaN	0.0	NaN
49	2	train	c2_trainBatch2	24	c2_test	12	96.15384674072266	96.15384674072266	96.15384674072266	4.166666666666666	0.0
49	3	test	c2_trainBatch2	24	c2_test	12	97.88461303710938	96.71245574951172	97.2768325805664	50.0	66.66666666666666
49	3	train	c2_trainBatch2	24	c2_test	12	99.4871826171875	97.14286041259766	98.27159881591797	37.5	66.66666666666666
49	1	test	c2_trainBatch3	36	c2_test	12	97.8571548461914	97.8571548461914	97.8571548461914	83.33333333333334	0.0
49	1	train	c2_trainBatch3	36	c2_test	12	97.94609832763672	97.94609832763672	97.94609832763672	58.333333333333336	4.761904761904762
49	2	test	c2_trainBatch3	36	c2_test	12	99.10714721679688	99.10714721679688	99.10714721679688	100.0	41.66666666666667
49	2	train	c2_trainBatch3	36	c2_test	12	98.9869384765625	98.9869384765625	98.9869384765625	88.88888888888889	59.375
49	3	test	c2_trainBatch3	36	c2_test	12	100.0	100.0	100.0	100.0	100.0
49	3	train	c2_trainBatch3	36	c2_test	12	100.0	100.0	100.0	88.88888888888889	100.0
49	1	test	c2_trainBatch4	48	c2_test	12	NaN	NaN	NaN	0.0	NaN
49	1	train	c2_trainBatch4	48	c2_test	12	NaN	NaN	NaN	0.0	NaN
49	2	test	c2_trainBatch4	48	c2_test	12	100.0	100.0	100.0	100.0	100.0
49	2	train	c2_trainBatch4	48	c2_test	12	100.0	100.0	100.0	100.0	100.0
49	3	test	c2_trainBatch4	48	c2_test	12	100.0	100.0	100.0	100.0	100.0
49	3	train	c2_trainBatch4	48	c2_test	12	100.0	100.0	100.0	100.0	100.0
49	1	test	c2_trainBatch5	60	c2_test	12	NaN	NaN	NaN	0.0	NaN
49	1	train	c2_trainBatch5	60	c2_test	12	NaN	NaN	NaN	0.0	NaN
49	2	test	c2_trainBatch5	60	c2_test	12	100.0	100.0	100.0	100.0	100.0
49	2	train	c2_trainBatch5	60	c2_test	12	100.0	100.0	100.0	100.0	100.0
49	3	test	c2_trainBatch5	60	c2_test	12	100.0	100.0	100.0	100.0	100.0
49	3	train	c2_trainBatch5	60	c2_test	12	100.0	100.0	100.0	100.0	100.0
49	1	test	c2_trainBatch6	72	c2_test	12	NaN	NaN	NaN	0.0	NaN
49	1	train	c2_trainBatch6	72	c2_test	12	NaN	NaN	NaN	0.0	NaN
49	2	test	c2_trainBatch6	72	c2_test	12	100.0	100.0	100.0	100.0	100.0
49	2	train	c2_trainBatch6	72	c2_test	12	100.0	100.0	100.0	100.0	100.0
49	3	test	c2_trainBatch6	72	c2_test	12	100.0	100.0	100.0	100.0	100.0
49	3	train	c2_trainBatch6	72	c2_test	12	100.0	100.0	100.0	100.0	100.0
49	1	test	c2_trainBatch7	84	c2_test	12	NaN	NaN	NaN	0.0	NaN
49	1	train	c2_trainBatch7	84	c2_test	12	NaN	NaN	NaN	0.0	NaN
49	2	test	c2_trainBatch7	84	c2_test	12	100.0	100.0	100.0	100.0	100.0
49	2	train	c2_trainBatch7	84	c2_test	12	100.0	100.0	100.0	100.0	100.0
49	3	test	c2_trainBatch7	84	c2_test	12	100.0	100.0	100.0	100.0	100.0
49	3	train	c2_trainBatch7	84	c2_test	12	100.0	100.0	100.0	100.0	100.0
49	1	test	c2_trainBatch8	96	c2_test	12	NaN	NaN	NaN	0.0	NaN
49	1	train	c2_trainBatch8	96	c2_test	12	NaN	NaN	NaN	0.0	NaN
49	2	test	c2_trainBatch8	96	c2_test	12	100.0	100.0	100.0	100.0	100.0
49	2	train	c2_trainBatch8	96	c2_test	12	100.0	100.0	100.0	100.0	100.0
49	3	test	c2_trainBatch8	96	c2_test	12	100.0	100.0	100.0	100.0	100.0
49	3	train	c2_trainBatch8	96	c2_test	12	100.0	100.0	100.0	100.0	100.0
49	1	test	c2_trainBatch1	12	c2_test	12	NaN	NaN	NaN	0.0	NaN
49	1	train	c2_trainBatch1	12	c2_test	12	NaN	NaN	NaN	0.0	NaN
49	2	test	c2_trainBatch1	12	c2_test	12	68.46154022216797	63.5714225769043	65.92591857910156	8.333333333333332	0.0
49	2	train	c2_trainBatch1	12	c2_test	12	85.3846206665039	79.28572082519531	82.22222137451172	8.333333333333332	0.0
49	3	test	c2_trainBatch1	12	c2_test	12	81.12637329101562	79.13920593261719	80.09598541259766	25.0	0.0
49	3	train	c2_trainBatch1	12	c2_test	12	71.58654022216797	69.1964340209961	70.34722900390625	33.33333333333333	25.0
49	1	test	c2_trainBatch2	24	c2_test	12	NaN	NaN	NaN	0.0	NaN
49	1	train	c2_trainBatch2	24	c2_test	12	NaN	NaN	NaN	0.0	NaN
49	2	test	c2_trainBatch2	24	c2_test	12	NaN	NaN	NaN	0.0	NaN
49	2	train	c2_trainBatch2	24	c2_test	12	96.15384674072266	96.15384674072266	96.15384674072266	4.166666666666666	0.0
49	3	test	c2_trainBatch2	24	c2_test	12	97.88461303710938	96.71245574951172	97.2768325805664	50.0	66.66666666666666
49	3	train	c2_trainBatch2	24	c2_test	12	99.4871826171875	97.14286041259766	98.27159881591797	37.5	66.66666666666666
49	1	test	c2_trainBatch3	36	c2_test	12	97.8571548461914	97.8571548461914	97.8571548461914	83.33333333333334	0.0
49	1	train	c2_trainBatch3	36	c2_test	12	97.94609832763672	97.94609832763672	97.94609832763672	58.333333333333336	4.761904761904762
49	2	test	c2_trainBatch3	36	c2_test	12	99.10714721679688	99.10714721679688	99.10714721679688	100.0	41.66666666666667
49	2	train	c2_trainBatch3	36	c2_test	12	98.9869384765625	98.9869384765625	98.9869384765625	88.88888888888889	59.375
49	3	test	c2_trainBatch3	36	c2_test	12	100.0	100.0	100.0	100.0	100.0
49	3	train	c2_trainBatch3	36	c2_test	12	100.0	100.0	100.0	88.88888888888889	100.0
49	1	test	c2_trainBatch4	48	c2_test	12	NaN	NaN	NaN	0.0	NaN
49	1	train	c2_trainBatch4	48	c2_test	12	NaN	NaN	NaN	0.0	NaN
49	2	test	c2_trainBatch4	48	c2_test	12	100.0	100.0	100.0	100.0	100.0
49	2	train	c2_trainBatch4	48	c2_test	12	100.0	100.0	100.0	100.0	100.0
49	3	test	c2_trainBatch4	48	c2_test	12	100.0	100.0	100.0	100.0	100.0
49	3	train	c2_trainBatch4	48	c2_test	12	100.0	100.0	100.0	100.0	100.0
49	1	test	c2_trainBatch5	60	c2_test	12	NaN	NaN	NaN	0.0	NaN
49	1	train	c2_trainBatch5	60	c2_test	12	NaN	NaN	NaN	0.0	NaN
49	2	test	c2_trainBatch5	60	c2_test	12	100.0	100.0	100.0	100.0	100.0
49	2	train	c2_trainBatch5	60	c2_test	12	100.0	100.0	100.0	100.0	100.0
49	3	test	c2_trainBatch5	60	c2_test	12	100.0	100.0	100.0	100.0	100.0
49	3	train	c2_trainBatch5	60	c2_test	12	100.0	100.0	100.0	100.0	100.0
49	1	test	c2_trainBatch6	72	c2_test	12	NaN	NaN	NaN	0.0	NaN
49	1	train	c2_trainBatch6	72	c2_test	12	NaN	NaN	NaN	0.0	NaN
49	2	test	c2_trainBatch6	72	c2_test	12	100.0	100.0	100.0	100.0	100.0
49	2	train	c2_trainBatch6	72	c2_test	12	100.0	100.0	100.0	100.0	100.0
49	3	test	c2_trainBatch6	72	c2_test	12	100.0	100.0	100.0	100.0	100.0
49	3	train	c2_trainBatch6	72	c2_test	12	100.0	100.0	100.0	100.0	100.0
49	1	test	c2_trainBatch7	84	c2_test	12	NaN	NaN	NaN	0.0	NaN
49	1	train	c2_trainBatch7	84	c2_test	12	NaN	NaN	NaN	0.0	NaN
49	2	test	c2_trainBatch7	84	c2_test	12	100.0	100.0	100.0	100.0	100.0
49	2	train	c2_trainBatch7	84	c2_test	12	100.0	100.0	100.0	100.0	100.0
49	3	test	c2_trainBatch7	84	c2_test	12	100.0	100.0	100.0	100.0	100.0
49	3	train	c2_trainBatch7	84	c2_test	12	100.0	100.0	100.0	100.0	100.0
49	1	test	c2_trainBatch8	96	c2_test	12	NaN	NaN	NaN	0.0	NaN
49	1	train	c2_trainBatch8	96	c2_test	12	NaN	NaN	NaN	0.0	NaN
49	2	test	c2_trainBatch8	96	c2_test	12	100.0	100.0	100.0	100.0	100.0
49	2	train	c2_trainBatch8	96	c2_test	12	100.0	100.0	100.0	100.0	100.0
49	3	test	c2_trainBatch8	96	c2_test	12	100.0	100.0	100.0	100.0	100.0
49	3	train	c2_trainBatch8	96	c2_test	12	100.0	100.0	100.0	100.0	100.0
49	1	test	c2_trainBatch9	108	c2_test	12	NaN	NaN	NaN	0.0	NaN
49	1	train	c2_trainBatch9	108	c2_test	12	NaN	NaN	NaN	0.0	NaN
49	2	test	c2_trainBatch9	108	c2_test	12	100.0	100.0	100.0	100.0	100.0
49	2	train	c2_trainBatch9	108	c2_test	12	100.0	100.0	100.0	100.0	100.0
49	3	test	c2_trainBatch9	108	c2_test	12	100.0	100.0	100.0	100.0	100.0
49	3	train	c2_trainBatch9	108	c2_test	12	100.0	100.0	100.0	100.0	100.0
49	1	test	c2_trainBatch10	120	c2_test	12	NaN	NaN	NaN	0.0	NaN
49	1	train	c2_trainBatch10	120	c2_test	12	NaN	NaN	NaN	0.0	NaN
49	2	test	c2_trainBatch10	120	c2_test	12	100.0	100.0	100.0	100.0	100.0
49	2	train	c2_trainBatch10	120	c2_test	12	100.0	100.0	100.0	100.0	100.0
49	3	test	c2_trainBatch10	120	c2_test	12	100.0	100.0	100.0	100.0	100.0
49	3	train	c2_trainBatch10	120	c2_test	12	100.0	100.0	100.0	100.0	100.0
49	1	test	c2_trainBatch11	132	c2_test	12	NaN	NaN	NaN	0.0	NaN
49	1	train	c2_trainBatch11	132	c2_test	12	NaN	NaN	NaN	0.0	NaN
49	2	test	c2_trainBatch11	132	c2_test	12	100.0	100.0	100.0	100.0	100.0
49	2	train	c2_trainBatch11	132	c2_test	12	100.0	100.0	100.0	100.0	100.0
49	3	test	c2_trainBatch11	132	c2_test	12	100.0	100.0	100.0	100.0	100.0
49	3	train	c2_trainBatch11	132	c2_test	12	100.0	100.0	100.0	100.0	100.0
49	1	test	c2_trainBatch12	144	c2_test	12	NaN	NaN	NaN	0.0	NaN
49	1	train	c2_trainBatch12	144	c2_test	12	NaN	NaN	NaN	0.0	NaN
49	2	test	c2_trainBatch12	144	c2_test	12	100.0	100.0	100.0	100.0	100.0
49	2	train	c2_trainBatch12	144	c2_test	12	100.0	100.0	100.0	100.0	100.0
49	3	test	c2_trainBatch12	144	c2_test	12	100.0	100.0	100.0	100.0	100.0
49	3	train	c2_trainBatch12	144	c2_test	12	100.0	100.0	100.0	100.0	100.0
50	1	test	c2_trainBatch1	12	c2_test	12	NaN	NaN	NaN	0.0	NaN
50	1	train	c2_trainBatch1	12	c2_test	12	NaN	NaN	NaN	0.0	NaN
50	2	test	c2_trainBatch1	12	c2_test	12	NaN	NaN	NaN	0.0	NaN
50	2	train	c2_trainBatch1	12	c2_test	12	NaN	NaN	NaN	0.0	NaN
50	3	test	c2_trainBatch1	12	c2_test	12	NaN	NaN	NaN	0.0	NaN
50	3	train	c2_trainBatch1	12	c2_test	12	80.76922607421875	80.76922607421875	80.76922607421875	8.333333333333332	100.0
50	1	test	c2_trainBatch2	24	c2_test	12	98.32073974609375	97.45536041259766	97.87202453613281	66.66666666666666	75.0
50	1	train	c2_trainBatch2	24	c2_test	12	97.15409851074219	96.21004486083984	96.66459655761719	91.66666666666666	63.63636363636363
50	2	test	c2_trainBatch2	24	c2_test	12	94.76273345947266	94.12336730957031	94.43122863769531	91.66666666666666	54.54545454545454
50	2	train	c2_trainBatch2	24	c2_test	12	95.98786926269531	95.10874938964844	95.53202056884766	100.0	62.5
50	3	test	c2_trainBatch2	24	c2_test	12	98.04195404052734	97.402587890625	97.71043395996094	91.66666666666666	72.72727272727273
50	3	train	c2_trainBatch2	24	c2_test	12	98.58973693847656	98.29669952392578	98.43780517578125	100.0	91.66666666666666
50	1	test	c2_trainBatch3	36	c2_test	12	100.0	100.0	100.0	100.0	100.0
50	1	train	c2_trainBatch3	36	c2_test	12	100.0	100.0	100.0	100.0	100.0
50	2	test	c2_trainBatch3	36	c2_test	12	100.0	100.0	100.0	100.0	100.0
50	2	train	c2_trainBatch3	36	c2_test	12	99.38034057617188	99.38034057617188	99.38034057617188	100.0	100.0
50	3	test	c2_trainBatch3	36	c2_test	12	100.0	100.0	100.0	100.0	100.0
50	3	train	c2_trainBatch3	36	c2_test	12	99.38034057617188	99.38034057617188	99.38034057617188	100.0	100.0
